-- phpMyAdmin SQL Dump
-- version 4.9.0.1
-- https://www.phpmyadmin.net/
--
-- Hôte : 127.0.0.1
-- Généré le :  jeu. 21 jan. 2021 à 14:24
-- Version du serveur :  10.3.16-MariaDB
-- Version de PHP :  7.3.6

SET SQL_MODE = "NO_AUTO_VALUE_ON_ZERO";
SET AUTOCOMMIT = 0;
START TRANSACTION;
SET time_zone = "+00:00";


/*!40101 SET @OLD_CHARACTER_SET_CLIENT=@@CHARACTER_SET_CLIENT */;
/*!40101 SET @OLD_CHARACTER_SET_RESULTS=@@CHARACTER_SET_RESULTS */;
/*!40101 SET @OLD_COLLATION_CONNECTION=@@COLLATION_CONNECTION */;
/*!40101 SET NAMES utf8mb4 */;

--
-- Base de données :  `gamegram`
--

-- --------------------------------------------------------

--
-- Structure de la table `comments`
--

DROP TABLE IF EXISTS `comments`;
CREATE TABLE `comments` (
  `id` int(11) NOT NULL,
  `post_id` int(11) NOT NULL,
  `user_id` int(11) NOT NULL,
  `content` text NOT NULL,
  `created` datetime NOT NULL
) ENGINE=MyISAM DEFAULT CHARSET=utf8;

-- --------------------------------------------------------

--
-- Structure de la table `families`
--

DROP TABLE IF EXISTS `families`;
CREATE TABLE `families` (
  `id` int(11) NOT NULL,
  `name` varchar(100) NOT NULL
) ENGINE=MyISAM DEFAULT CHARSET=utf8;

--
-- Déchargement des données de la table `families`
--

INSERT INTO `families` (`id`, `name`) VALUES
(1, 'Sports'),
(2, 'Platform'),
(3, 'Racing'),
(4, 'Shooter'),
(5, 'Role-Playing'),
(6, 'Puzzle'),
(7, 'Misc'),
(8, 'Party'),
(9, 'Simulation'),
(10, 'Action'),
(11, 'Action-Adventure'),
(12, 'Fighting'),
(13, 'Strategy'),
(14, 'Adventure'),
(15, 'Music'),
(16, 'MMO');

-- --------------------------------------------------------

--
-- Structure de la table `games`
--

DROP TABLE IF EXISTS `games`;
CREATE TABLE `games` (
  `id` int(11) NOT NULL,
  `family_id` int(11) NOT NULL,
  `platform_id` int(11) NOT NULL,
  `publisher_id` int(11) NOT NULL,
  `name` varchar(100) NOT NULL,
  `public` tinyint(4) NOT NULL DEFAULT 1,
  `note` float DEFAULT NULL,
  `year` smallint(6) NOT NULL
) ENGINE=MyISAM DEFAULT CHARSET=utf8;

--
-- Déchargement des données de la table `games`
--

INSERT INTO `games` (`id`, `family_id`, `platform_id`, `publisher_id`, `name`, `public`, `note`, `year`) VALUES
(1, 1, 1, 1, 'Wii Sports', 1, 7.7, 2006),
(2, 2, 2, 1, 'Super Mario Bros.', 1, 10, 1985),
(3, 3, 1, 1, 'Mario Kart Wii', 1, 8.2, 2008),
(4, 4, 3, 2, 'PlayerUnknown\'s Battlegrounds', 0, NULL, 2017),
(5, 1, 1, 1, 'Wii Sports Resort', 1, 8, 2009),
(6, 5, 4, 1, 'Pokemon Red / Green / Blue Version', 1, 9.4, 1998),
(7, 2, 5, 1, 'New Super Mario Bros.', 1, 9.1, 2006),
(8, 6, 4, 1, 'Tetris', 0, NULL, 1989),
(9, 2, 1, 1, 'New Super Mario Bros. Wii', 1, 8.6, 2009),
(10, 7, 3, 3, 'Minecraft', 1, 10, 2010),
(11, 4, 2, 1, 'Duck Hunt', 0, NULL, 1985),
(12, 7, 1, 1, 'Wii Play', 1, 5.9, 2007),
(13, 8, 6, 4, 'Kinect Adventures!', 1, 6.7, 2010),
(14, 9, 5, 1, 'Nintendogs', 1, 8.4, 2005),
(15, 3, 5, 1, 'Mario Kart DS', 1, 9.1, 2005),
(16, 5, 4, 1, 'Pokemon Gold / Silver Version', 1, 9.2, 2000),
(17, 1, 1, 1, 'Wii Fit', 1, 7.9, 2008),
(18, 1, 1, 1, 'Wii Fit Plus', 1, 8, 2009),
(19, 2, 7, 1, 'Super Mario World', 1, 8.5, 1991),
(20, 10, 8, 5, 'Grand Theft Auto V', 1, 9.4, 2013),
(21, 10, 9, 5, 'Grand Theft Auto V', 1, 9.7, 2014),
(22, 7, 5, 1, 'Brain Age: Train Your Brain in Minutes a Day', 1, 8.1, 2006),
(23, 7, 3, 6, 'Garry\'s Mod', 0, NULL, 2004),
(24, 2, 4, 1, 'Super Mario Land', 0, NULL, 1989),
(25, 3, 10, 1, 'Mario Kart 7', 1, 8.2, 2011),
(26, 5, 5, 1, 'Pokemon Diamond / Pearl Version', 1, 8.6, 2007),
(27, 10, 11, 5, 'Grand Theft Auto: San Andreas', 1, 9.5, 2004),
(28, 2, 2, 1, 'Super Mario Bros. 3', 0, NULL, 1990),
(29, 5, 10, 1, 'Pokemon X/Y', 1, 8.9, 2013),
(30, 5, 12, 1, 'Pokemon Ruby / Sapphire Version', 1, 8.8, 2003),
(31, 10, 11, 5, 'Grand Theft Auto: Vice City', 1, 9.6, 2002),
(32, 5, 10, 1, 'Pokemon Sun/Moon', 1, 9, 2016),
(33, 10, 6, 5, 'Grand Theft Auto V', 0, NULL, 2013),
(34, 5, 5, 1, 'Pokemon Black / White Version', 1, 8.6, 2011),
(35, 4, 9, 7, 'Call of Duty: Black Ops 3', 0, NULL, 2015),
(36, 3, 13, 1, 'Mario Kart 8 Deluxe', 1, 9.3, 2017),
(37, 4, 3, 8, 'Counter-Strike: Source', 1, 9.3, 2004),
(38, 2, 14, 9, 'Sonic the Hedgehog', 0, NULL, 1991),
(39, 3, 11, 10, 'Gran Turismo 3: A-Spec', 1, 9.3, 2001),
(40, 7, 5, 1, 'Brain Age 2: More Training in Minutes a Day', 1, 8, 2007),
(41, 4, 6, 7, 'Call of Duty: Modern Warfare 3', 1, 8.7, 2011),
(42, 4, 6, 7, 'Call of Duty: Black Ops', 1, 8.8, 2010),
(43, 5, 4, 1, 'Pokemon Yellow: Special Pikachu Edition', 1, 8.7, 1999),
(44, 4, 6, 4, 'Halo 3', 1, 9.6, 2007),
(45, 5, 10, 1, 'Pokemon Omega Ruby/Pokemon Alpha Sapphire', 0, NULL, 2014),
(46, 11, 9, 5, 'Red Dead Redemption 2', 1, 9.8, 2018),
(47, 4, 6, 7, 'Call of Duty: Black Ops II', 0, NULL, 2012),
(48, 4, 8, 7, 'Call of Duty: Black Ops II', 0, NULL, 2012),
(49, 2, 13, 1, 'Super Mario Odyssey', 1, 9.9, 2017),
(50, 4, 6, 7, 'Call of Duty: Modern Warfare 2', 1, 9.5, 2009),
(51, 4, 9, 7, 'Call of Duty: WWII', 1, 8, 2017),
(52, 4, 8, 7, 'Call of Duty: Modern Warfare 3', 1, 8.8, 2011),
(53, 12, 1, 1, 'Super Smash Bros. Brawl', 1, 9.2, 2008),
(54, 10, 11, 5, 'Grand Theft Auto III', 1, 9.5, 2001),
(55, 2, 10, 1, 'New Super Mario Bros. 2', 1, 7.5, 2012),
(56, 4, 3, 11, 'Portal 2', 1, 9.7, 2011),
(57, 7, 6, 12, 'Minecraft', 0, NULL, 2013),
(58, 2, 1, 1, 'Super Mario Galaxy', 1, 9.7, 2007),
(59, 5, 5, 1, 'Pokemon Heart Gold / Soul Silver Version', 1, 8.6, 2010),
(60, 4, 8, 7, 'Call of Duty: Black Ops', 1, 8.7, 2010),
(61, 10, 3, 5, 'Grand Theft Auto V', 0, NULL, 2015),
(62, 2, 10, 1, 'Super Mario 3D Land', 1, 8.9, 2011),
(63, 9, 10, 1, 'Animal Crossing: New Leaf', 1, 8.6, 2013),
(64, 12, 13, 1, 'Super Smash Bros. Ultimate', 1, 9.4, 2018),
(65, 5, 3, 13, 'Diablo III', 1, 9, 2012),
(66, 5, 12, 1, 'Pokemon FireRed / LeafGreen Version', 1, 8.3, 2004),
(67, 3, 8, 10, 'Gran Turismo 5', 1, 8.3, 2010),
(68, 2, 15, 1, 'Super Mario 64', 1, 9.7, 1996),
(69, 1, 9, 14, 'FIFA 18', 1, 8.3, 2017),
(70, 3, 11, 10, 'Gran Turismo 4', 1, 8.7, 2005),
(71, 9, 5, 1, 'Animal Crossing: Wild World', 1, 8.5, 2005),
(72, 11, 13, 1, 'The Legend of Zelda: Breath of the Wild', 1, 9.9, 2017),
(73, 2, 4, 1, 'Super Mario Land 2: 6 Golden Coins', 1, 9, 1992),
(74, 10, 6, 5, 'Grand Theft Auto IV', 1, 10, 2008),
(75, 2, 5, 1, 'Super Mario 64 DS', 1, 8.6, 2004),
(76, 2, 3, 6, 'Terraria', 1, 8.8, 2011),
(77, 1, 9, 15, 'FIFA 17', 1, 8.9, 2016),
(78, 3, 16, 10, 'Gran Turismo', 1, 9.5, 1998),
(79, 4, 8, 7, 'Call of Duty: Modern Warfare 2', 1, 9.5, 2009),
(80, 10, 8, 5, 'Grand Theft Auto IV', 1, 10, 2008),
(81, 2, 7, 1, 'Super Mario All-Stars', 0, NULL, 1993),
(82, 4, 6, 7, 'Call of Duty: Ghosts', 1, 6.9, 2013),
(83, 7, 1, 16, 'Just Dance 3', 1, 7.5, 2011),
(84, 4, 8, 7, 'Call of Duty: Ghosts', 1, 7.5, 2013),
(85, 10, 9, 17, 'Horizon: Zero Dawn', 1, 9.1, 2017),
(86, 5, 13, 1, 'Pokemon: Let\'s Go, Pikachu/Eevee', 0, NULL, 2018),
(87, 13, 3, 18, 'RollerCoaster Tycoon 3', 1, 8.3, 2004),
(88, 4, 6, 4, 'Halo: Reach', 1, 9.3, 2010),
(89, 4, 3, 19, 'Portal', 1, 9, 2008),
(90, 4, 6, 12, 'Halo 4', 0, NULL, 2012),
(91, 5, 16, 10, 'Final Fantasy VII', 1, 9.6, 1997),
(92, 3, 15, 1, 'Mario Kart 64', 1, 8.5, 1997),
(93, 13, 3, 13, 'StarCraft', 1, 8.7, 1998),
(94, 12, 10, 1, 'Super Smash Bros. for 3DS', 1, 8.4, 2014),
(95, 4, 6, 7, 'Call of Duty 4: Modern Warfare', 1, 9.6, 2007),
(96, 3, 16, 10, 'Gran Turismo 2', 1, 9.2, 1999),
(97, 7, 1, 1, 'Wii Party', 1, 7, 2010),
(98, 4, 9, 7, 'Call of Duty: Black Ops IIII', 0, NULL, 2018),
(99, 7, 5, 1, 'Mario Party DS', 1, 7.1, 2007),
(100, 2, 7, 1, 'Donkey Kong Country', 1, 9, 1994),
(101, 1, 9, 15, 'FIFA 19', 0, NULL, 2018),
(102, 11, 3, 20, 'Rust', 1, 6.1, 2018),
(103, 11, 9, 17, 'Marvel\'s Spider-Man', 1, 9.1, 2018),
(104, 4, 3, 8, 'Half-Life 2', 1, 9.7, 2004),
(105, 5, 6, 21, 'The Elder Scrolls V: Skyrim', 1, 9.3, 2011),
(106, 7, 1, 1, 'Mario Party 8', 1, 6.5, 2007),
(107, 3, 7, 1, 'Super Mario Kart', 1, 10, 1992),
(108, 10, 17, 5, 'Grand Theft Auto V', 1, 9, 2014),
(109, 10, 9, 17, 'Uncharted 4: A Thief\'s End', 1, 9.2, 2016),
(110, 5, 16, 22, 'Final Fantasy VIII', 1, 9.4, 1999),
(111, 5, 11, 23, 'Final Fantasy X', 1, 9, 2001),
(112, 5, 5, 1, 'Pokemon Black 2 and White 2', 1, 8, 2012),
(113, 4, 9, 7, 'Call of Duty: Infinite Warfare', 0, NULL, 2016),
(114, 5, 9, 21, 'Fallout 4', 1, 8.6, 2015),
(115, 3, 18, 1, 'Mario Kart 8', 1, 8.8, 2014),
(116, 12, 16, 24, 'Tekken 3', 1, 9.6, 1998),
(117, 5, 10, 1, 'Pokemon: Ultra Sun and Ultra Moon', 1, 8.1, 2017),
(118, 4, 13, 1, 'Splatoon 2', 1, 8.2, 2017),
(119, 1, 9, 14, 'FIFA 16', 1, 8.5, 2015),
(120, 4, 15, 1, 'GoldenEye 007', 1, 9.8, 1997),
(121, 4, 9, 15, 'Star Wars Battlefront (2015)', 1, 7.1, 2015),
(122, 1, 8, 14, 'FIFA 13', 0, NULL, 2012),
(123, 4, 19, 4, 'Halo 2', 1, 9.6, 2004),
(124, 9, 3, 15, 'The Sims 3', 1, 8.5, 2009),
(125, 10, 20, 5, 'Grand Theft Auto: Liberty City Stories', 1, 8.8, 2005),
(126, 6, 21, 18, 'Pac-Man', 0, NULL, 1982),
(127, 5, 5, 1, 'Pokemon Platinum Version', 1, 8.3, 2009),
(128, 14, 15, 1, 'The Legend of Zelda: Ocarina of Time', 1, 9.9, 1998),
(129, 2, 16, 10, 'Crash Bandicoot 2: Cortex Strikes Back', 1, 8.6, 1997),
(130, 4, 9, 7, 'Call of Duty: Advanced Warfare', 1, 8.5, 2014),
(131, 4, 6, 7, 'Call of Duty: World at War', 1, 8.5, 2008),
(132, 2, 2, 1, 'Super Mario Bros. 2', 0, NULL, 1988),
(133, 2, 1, 1, 'Super Mario Galaxy 2', 1, 9.7, 2010),
(134, 12, 22, 1, 'Super Smash Bros. Melee', 1, 9.2, 2001),
(135, 4, 17, 7, 'Call of Duty: Black Ops 3', 0, NULL, 2015),
(136, 4, 6, 15, 'Battlefield 3', 1, 8.5, 2011),
(137, 14, 1, 1, 'The Legend of Zelda: Twilight Princess', 1, 9.5, 2006),
(138, 4, 9, 15, 'Battlefield 1', 0, NULL, 2016),
(139, 4, 8, 15, 'Battlefield 3', 1, 8.5, 2011),
(140, 3, 11, 15, 'Need for Speed Underground', 1, 8.6, 2003),
(141, 10, 3, 25, 'The Binding of Isaac', 1, 8.3, 2011),
(142, 2, 16, 10, 'Crash Bandicoot 3: Warped', 1, 9.3, 1998),
(143, 5, 12, 1, 'Pokemon Emerald Version', 1, 7.7, 2005),
(144, 5, 10, 1, 'Yokai Watch 2: Bony Spirits / Fleshy Souls / Psychic Specters', 0, NULL, 2016),
(145, 3, 11, 15, 'Need for Speed Underground 2', 1, 8.3, 2004),
(146, 15, 1, 16, 'Just Dance 4', 0, NULL, 2012),
(147, 3, 22, 1, 'Mario Kart: Double Dash!!', 1, 8.5, 2003),
(148, 10, 8, 10, 'Uncharted 3: Drake\'s Deception', 1, 9.3, 2011),
(149, 4, 11, 15, 'Medal of Honor: Frontline', 1, 9, 2002),
(150, 2, 16, 10, 'Crash Bandicoot', 1, 7.8, 1996),
(151, 1, 1, 26, 'Zumba Fitness', 0, NULL, 2010),
(152, 10, 8, 10, 'Uncharted 2: Among Thieves', 1, 9.5, 2009),
(153, 4, 8, 7, 'Call of Duty 4: Modern Warfare', 1, 9.5, 2007),
(154, 1, 8, 14, 'FIFA Soccer 12', 1, 9.2, 2011),
(155, 1, 8, 14, 'FIFA 14', 0, NULL, 2013),
(156, 10, 8, 5, 'Red Dead Redemption', 1, 9.5, 2011),
(157, 2, 1, 1, 'Donkey Kong Country Returns', 1, 8.6, 2010),
(158, 14, 2, 1, 'The Legend of Zelda', 0, NULL, 1987),
(159, 11, 8, 16, 'Assassin\'s Creed III', 1, 8.8, 2012),
(160, 5, 3, 27, 'Guild Wars', 1, 8.7, 2005),
(161, 10, 6, 5, 'Red Dead Redemption', 1, 9.5, 2010),
(162, 5, 8, 21, 'The Elder Scrolls V: Skyrim', 1, 9, 2011),
(163, 5, 11, 28, 'Final Fantasy XII', 1, 9.4, 2006),
(164, 9, 10, 1, 'Tomodachi Life', 1, 7.8, 2014),
(165, 5, 23, 1, 'Pokemon Crystal Version', 1, 8.7, 2001),
(166, 4, 6, 4, 'Halo 3: ODST', 1, 8.7, 2009),
(167, 7, 9, 10, 'Minecraft', 1, 9.4, 2014),
(168, 1, 9, 14, 'FIFA 15', 1, 8.1, 2014),
(169, 5, 11, 22, 'Kingdom Hearts', 1, 8.5, 2002),
(170, 12, 7, 29, 'Street Fighter II: The World Warrior', 0, NULL, 1992),
(171, 11, 8, 30, 'The Last of Us', 1, 9.5, 2013),
(172, 10, 16, 31, 'Driver', 1, 8.5, 1999),
(173, 4, 17, 7, 'Call of Duty: WWII', 0, NULL, 2017),
(174, 10, 9, 17, 'God of War (2018)', 1, 9.7, 2018),
(175, 7, 5, 1, 'Big Brain Academy', 1, 7.7, 2006),
(176, 7, 8, 30, 'Minecraft', 0, NULL, 2014),
(177, 10, 11, 32, 'Metal Gear Solid 2: Sons of Liberty', 1, 9.5, 2001),
(178, 10, 16, 32, 'Metal Gear Solid', 1, 9.3, 1998),
(179, 14, 3, 33, 'Myst', 1, 8.9, 1995),
(180, 2, 14, 9, 'Sonic the Hedgehog 2', 0, NULL, 1992),
(181, 10, 8, 32, 'Metal Gear Solid 4: Guns of the Patriots', 1, 9.3, 2008),
(182, 9, 3, 34, 'Euro Truck Simulator 2', 1, 8.5, 2013),
(183, 3, 12, 1, 'Mario Kart: Super Circuit', 1, 9.3, 2001),
(184, 2, 22, 1, 'Super Mario Sunshine', 1, 9.2, 2002),
(185, 2, 8, 10, 'LittleBigPlanet', 1, 9.4, 2008),
(186, 13, 3, 12, 'Age of Empires II: HD Edition', 0, NULL, 2013),
(187, 2, 18, 1, 'Super Mario 3D World', 1, 9.5, 2013),
(188, 4, 1, 1, 'Link\'s Crossbow Training', 1, 6.9, 2007),
(189, 11, 17, 5, 'Red Dead Redemption 2', 0, NULL, 2018),
(190, 2, 18, 1, 'New Super Mario Bros. U', 1, 8.4, 2012),
(191, 4, 9, 7, 'Destiny', 0, NULL, 2014),
(192, 14, 10, 1, 'Luigi\'s Mansion: Dark Moon', 1, 8.6, 2013),
(193, 12, 16, 24, 'Tekken 2', 1, 9.1, 1996),
(194, 10, 9, 10, 'Uncharted: The Nathan Drake Collection', 0, NULL, 2015),
(195, 2, 12, 1, 'Super Mario World: Super Mario Advance 2', 1, 9.4, 2002),
(196, 10, 1, 35, 'LEGO Star Wars: The Complete Saga', 1, 8, 2007),
(197, 9, 5, 26, 'Cooking Mama', 1, 6.6, 2006),
(198, 11, 10, 1, 'The Legend of Zelda: Ocarina of Time 3D', 1, 9.5, 2011),
(199, 6, 2, 1, 'Tetris', 0, NULL, 1989),
(200, 2, 12, 1, 'Super Mario Advance', 1, 8.2, 2001),
(201, 10, 8, 16, 'Assassin\'s Creed II', 1, 9, 2009),
(202, 12, 15, 1, 'Super Smash Bros.', 1, 8.4, 1999),
(203, 10, 6, 16, 'Assassin\'s Creed', 1, 8.2, 2007),
(204, 10, 8, 36, 'Batman: Arkham City', 1, 9.6, 2011),
(205, 3, 6, 4, 'Forza Motorsport 3', 1, 9.2, 2009),
(206, 5, 5, 1, 'Dragon Quest IX: Sentinels of the Starry Skies', 1, 8.6, 2010),
(207, 5, 16, 23, 'Final Fantasy IX', 1, 9.2, 2000),
(208, 5, 11, 28, 'Final Fantasy X-2', 1, 8.3, 2003),
(209, 10, 3, 28, 'Tomb Raider (2013)', 1, 8.8, 2013),
(210, 5, 3, 37, 'The Witcher 3: Wild Hunt', 0, NULL, 2015),
(211, 13, 15, 1, 'Pokemon Stadium', 1, 7.5, 2000),
(212, 7, 17, 12, 'Minecraft', 0, NULL, 2014),
(213, 4, 8, 7, 'Call of Duty: World at War', 1, 8.4, 2008),
(214, 2, 12, 1, 'Super Mario Advance 4: Super Mario Bros. 3', 1, 9.2, 2003),
(215, 2, 11, 38, 'Crash Bandicoot: The Wrath of Cortex', 1, 6.9, 2001),
(216, 5, 9, 37, 'The Witcher 3: Wild Hunt', 0, NULL, 2015),
(217, 5, 8, 28, 'Final Fantasy XIII', 1, 8, 2010),
(218, 3, 8, 10, 'Gran Turismo 5 Prologue', 1, 8.3, 2008),
(219, 12, 18, 1, 'Super Smash Bros. for Wii U', 1, 9.2, 2014),
(220, 6, 4, 1, 'Dr. Mario', 0, NULL, 1990),
(221, 11, 6, 16, 'Assassin\'s Creed III', 0, NULL, 2012),
(222, 7, 23, 1, 'Pokemon Pinball', 1, 8.7, 1999),
(223, 10, 6, 16, 'Assassin\'s Creed II', 1, 9.1, 2009),
(224, 8, 13, 1, 'Super Mario Party', 1, 7.3, 2018),
(225, 7, 3, 39, 'The Forest', 0, NULL, 2014),
(226, 2, 15, 1, 'Donkey Kong 64', 1, 9.3, 1999),
(227, 7, 1, 16, 'Just Dance 2', 1, 7.3, 2010),
(228, 14, 16, 40, 'Tomb Raider II', 1, 7.6, 1997),
(229, 1, 11, 14, 'Madden NFL 2004', 1, 9.5, 2003),
(230, 4, 17, 7, 'Call of Duty: Advanced Warfare', 1, 8.3, 2014),
(231, 5, 3, 21, 'Fallout: New Vegas', 1, 8.3, 2010),
(232, 3, 8, 30, 'Gran Turismo 6', 0, NULL, 2013),
(233, 5, 11, 28, 'Kingdom Hearts II', 1, 8.3, 2006),
(234, 10, 8, 10, 'God of War III', 1, 9.2, 2010),
(235, 8, 18, 1, 'Nintendo Land', 1, 7.8, 2012),
(236, 2, 4, 1, 'Super Mario Land 3: Wario Land', 1, 7.9, 1994),
(237, 2, 7, 1, 'Donkey Kong Country 2: Diddy\'s Kong Quest', 1, 9.3, 1995),
(238, 4, 11, 15, 'Medal of Honor: Rising Sun', 1, 5.9, 2003),
(239, 4, 17, 15, 'Battlefield 1', 0, NULL, 2016),
(240, 2, 4, 1, 'Kirby\'s Dream Land', 0, NULL, 1992),
(241, 9, 3, 41, 'Microsoft Flight Simulator', 1, 7, 1996),
(242, 7, 11, 42, 'Guitar Hero II', 1, 9.2, 2006),
(243, 1, 6, 14, 'FIFA 13', 0, NULL, 2012),
(244, 10, 8, 29, 'Resident Evil 5', 1, 8.6, 2009),
(245, 5, 6, 4, 'Fable III', 1, 7.8, 2010),
(246, 1, 5, 9, 'Mario & Sonic at the Olympic Games', 1, 7, 2008),
(247, 10, 20, 5, 'Grand Theft Auto: Vice City Stories', 1, 8.4, 2006),
(248, 1, 8, 14, 'FIFA Soccer 11', 1, 8.7, 2010),
(249, 2, 4, 1, 'Super Mario Bros. Deluxe', 1, 9.7, 1999),
(250, 5, 9, 28, 'Final Fantasy XV', 1, 8.1, 2016),
(251, 5, 17, 21, 'Fallout 4', 1, 8.4, 2015),
(252, 1, 16, 7, 'Tony Hawk\'s Pro Skater', 1, 9.6, 1999),
(253, 13, 16, 40, 'Warzone 2100', 0, NULL, 1999),
(254, 2, 16, 10, 'Spyro the Dragon', 1, 8.7, 1998),
(255, 9, 3, 43, 'Cities: Skylines', 0, NULL, 2015),
(256, 4, 6, 4, 'Gears of War', 1, 9.4, 2006),
(257, 4, 6, 4, 'Gears of War 2', 1, 9.4, 2008),
(258, 5, 3, 27, 'Guild Wars 2', 0, NULL, 2012),
(259, 4, 17, 12, 'Halo 5: Guardians', 1, 8.6, 2015),
(260, 4, 19, 41, 'Halo: Combat Evolved', 1, 9.5, 2001),
(261, 7, 11, 42, 'Guitar Hero III: Legends of Rock', 1, 8.2, 2007),
(262, 10, 8, 10, 'Uncharted: Drake\'s Fortune', 1, 8.7, 2007),
(263, 10, 16, 29, 'Resident Evil 2', 1, 9.3, 1998),
(264, 5, 6, 21, 'Fallout 3', 1, 9, 2008),
(265, 4, 18, 1, 'Splatoon', 1, 8.4, 2015),
(266, 1, 11, 14, 'Madden NFL 06', 1, 9.1, 2005),
(267, 9, 3, 44, 'Stardew Valley', 1, 9.2, 2016),
(268, 5, 11, 28, 'Dragon Quest VIII: Journey of the Cursed King', 1, 8.6, 2005),
(269, 5, 20, 29, 'Monster Hunter Freedom 3', 0, NULL, 2010),
(270, 3, 15, 1, 'Diddy Kong Racing', 1, 8.3, 1997),
(271, 5, 5, 1, 'Pokemon Mystery Dungeon: Explorers of Time / Darkness', 1, 6.4, 2008),
(272, 4, 17, 7, 'Call of Duty: Black Ops IIII', 0, NULL, 2018),
(273, 6, 2, 1, 'Dr. Mario', 0, NULL, 1990),
(274, 2, 9, 7, 'Crash Bandicoot N. Sane Trilogy', 0, NULL, 2017),
(275, 10, 8, 16, 'Assassin\'s Creed', 1, 8.2, 2007),
(276, 4, 17, 7, 'Call of Duty: Infinite Warfare', 0, NULL, 2016),
(277, 3, 16, 10, 'Crash Team Racing', 1, 9.2, 1999),
(278, 10, 5, 35, 'LEGO Star Wars: The Complete Saga', 1, 7.8, 2007),
(279, 14, 5, 1, 'The Legend of Zelda: Phantom Hourglass', 1, 9.1, 2007),
(280, 10, 6, 36, 'Batman: Arkham City', 1, 9.5, 2011),
(281, 10, 16, 18, 'Driver 2', 1, 7, 2000),
(282, 3, 11, 8, 'The Simpsons: Hit & Run', 1, 7.7, 2003),
(283, 16, 3, 13, 'World of Warcraft: Cataclysm', 1, 9, 2010),
(284, 1, 16, 7, 'Tony Hawk\'s Pro Skater 2', 1, 9.3, 2000),
(285, 10, 9, 29, 'Monster Hunter: World', 1, 9.3, 2018),
(286, 3, 20, 10, 'Gran Turismo', 1, 7.7, 2009),
(287, 10, 11, 15, 'The Lord of the Rings: The Two Towers', 1, 8.3, 2002),
(288, 10, 16, 40, 'Tomb Raider', 1, 8.9, 1996),
(289, 10, 11, 10, 'God of War', 1, 9.3, 2005),
(290, 14, 7, 1, 'The Legend of Zelda: A Link to the Past', 1, 10, 1992),
(291, 3, 6, 12, 'Forza Motorsport 4', 1, 9.1, 2011),
(292, 7, 1, 42, 'Guitar Hero III: Legends of Rock', 1, 8.6, 2007),
(293, 5, 13, 1, 'Pokemon: Let\'s Go, Pikachu!', 1, 8.3, 2018),
(294, 4, 3, 45, 'BioShock Infinite', 0, NULL, 2013),
(295, 5, 5, 1, 'Mario & Luigi: Bowser\'s Inside Story', 1, 9.1, 2009),
(296, 1, 8, 14, 'FIFA 15', 1, 6.9, 2014),
(297, 1, 1, 9, 'Mario & Sonic at the Olympic Winter Games', 1, 6.8, 2009),
(298, 4, 9, 13, 'Overwatch', 1, 8.8, 2016),
(299, 1, 11, 14, 'Madden NFL 2005', 1, 9.5, 2004),
(300, 7, 6, 42, 'Guitar Hero III: Legends of Rock', 1, 8.7, 2007),
(301, 4, 9, 15, 'Star Wars Battlefront II (2017)', 0, NULL, 2017),
(302, 10, 3, 46, 'Dead Island', 1, 7.1, 2011),
(303, 4, 3, 6, 'Arma 2: Operation Arrowhead', 0, NULL, 2011),
(304, 11, 3, 47, 'ARK: Survival Evolved', 0, NULL, 2015),
(305, 14, 3, 48, 'Riven: The Sequel to Myst', 0, NULL, 1997),
(306, 13, 3, 13, 'StarCraft II: Wings of Liberty', 1, 9.3, 2010),
(307, 13, 3, 13, 'Warcraft III: Reign of Chaos', 1, 9.3, 2002),
(308, 2, 21, 7, 'Pitfall!', 0, NULL, 1982),
(309, 14, 5, 1, 'Professor Layton and the Curious Village', 1, 8.7, 2008),
(310, 1, 11, 14, 'Madden NFL 07', 1, 8.5, 2006),
(311, 10, 11, 7, 'Spider-Man: The Movie', 1, 8.2, 2002),
(312, 9, 10, 1, 'Nintendogs + cats', 1, 7.2, 2011),
(313, 5, 6, 49, 'The Elder Scrolls IV: Oblivion', 1, 9.2, 2009),
(314, 14, 22, 1, 'The Legend of Zelda: The Wind Waker', 1, 9.6, 2003),
(315, 1, 11, 7, 'Tony Hawk\'s Pro Skater 3', 1, 9.1, 2001),
(316, 1, 11, 32, 'Winning Eleven: Pro Evolution Soccer 2007', 1, 8.8, 2007),
(317, 14, 2, 1, 'Zelda II: The Adventure of Link', 0, NULL, 1988),
(318, 7, 1, 16, 'Michael Jackson: The Experience', 1, 5.6, 2010),
(319, 4, 9, 16, 'Tom Clancy\'s The Division', 0, NULL, 2016),
(320, 3, 11, 15, 'Need for Speed: Most Wanted', 1, 8.6, 2005),
(321, 4, 8, 10, 'Resistance: Fall of Man', 1, 8.5, 2006),
(322, 4, 9, 16, 'Tom Clancy\'s Rainbow Six: Siege', 0, NULL, 2015),
(323, 4, 6, 7, 'Call of Duty: Advanced Warfare', 1, 9.1, 2014),
(324, 11, 9, 16, 'Watch Dogs', 0, NULL, 2014),
(325, 9, 1, 1, 'Animal Crossing: City Folk', 1, 7.1, 2008),
(326, 7, 3, 50, 'Starbound', 0, NULL, 2014),
(327, 4, 21, 18, 'Asteroids', 0, NULL, 1981),
(328, 5, 16, 51, 'Dragon Quest VII', 1, 8, 2001),
(329, 10, 10, 29, 'Monster Hunter Generations', 1, 8.8, 2016),
(330, 10, 8, 40, 'Batman: Arkham Asylum', 1, 9, 2009),
(331, 4, 8, 7, 'Call of Duty: Advanced Warfare', 1, 9.1, 2014),
(332, 10, 11, 10, 'God of War II', 1, 9.3, 2007),
(333, 7, 12, 24, 'Namco Museum', 0, NULL, 2001),
(334, 2, 20, 10, 'Daxter', 1, 8.6, 2006),
(335, 2, 1, 1, 'Super Paper Mario', 1, 8.5, 2007),
(336, 10, 8, 16, 'Assassin\'s Creed: Revelations', 1, 8.8, 2011),
(337, 10, 11, 32, 'Metal Gear Solid 3: Snake Eater', 1, 9, 2004),
(338, 10, 6, 16, 'Assassin\'s Creed: Revelations', 1, 7.9, 2011),
(339, 1, 11, 14, 'FIFA Soccer 06', 1, 8.4, 2005),
(340, 5, 10, 29, 'Monster Hunter 4 Ultimate', 1, 8.8, 2015),
(341, 12, 8, 29, 'Street Fighter IV', 1, 9.3, 2009),
(342, 10, 3, 52, '7 Days to Die', 0, NULL, 2013),
(343, 1, 6, 14, 'FIFA Soccer 12', 1, 9.2, 2011),
(344, 4, 9, 7, 'Call of Duty: Ghosts', 1, 7.5, 2013),
(345, 2, 2, 53, 'Teenage Mutant Ninja Turtles', 1, 5.9, 1989),
(346, 10, 3, 40, 'Just Cause 2', 1, 8.2, 2010),
(347, 3, 2, 1, 'Excitebike', 0, NULL, 1985),
(348, 10, 16, 54, 'Frogger', 0, NULL, 1997),
(349, 4, 17, 15, 'Star Wars Battlefront (2015)', 1, 6.9, 2015),
(350, 1, 6, 14, 'FIFA 14', 0, NULL, 2013),
(351, 1, 11, 14, 'Madden NFL 2003', 1, 9.4, 2002),
(352, 10, 9, 16, 'Assassin\'s Creed: Unity', 0, NULL, 2014),
(353, 4, 9, 7, 'Destiny 2', 0, NULL, 2017),
(354, 4, 3, 55, 'Half-Life', 1, 9.5, 1998),
(355, 2, 7, 1, 'Super Mario World 2: Yoshi\'s Island', 1, 9, 1995),
(356, 10, 9, 36, 'Batman: Arkham Knight', 1, 8.1, 2015),
(357, 1, 11, 14, 'FIFA 07 Soccer', 1, 8.4, 2006),
(358, 9, 3, 15, 'The Sims 4', 1, 7, 2014),
(359, 5, 10, 29, 'Monster Hunter 4', 0, NULL, 2013),
(360, 12, 7, 29, 'Street Fighter II Turbo', 1, 9, 1993),
(361, 5, 6, 21, 'Fallout: New Vegas', 1, 8.2, 2010),
(362, 10, 9, 16, 'Assassin\'s Creed Origins', 0, NULL, 2017),
(363, 4, 9, 16, 'Far Cry 4', 1, 8.4, 2014),
(364, 7, 1, 56, 'Carnival Games', 1, 4.2, 2007),
(365, 1, 11, 32, 'World Soccer Winning Eleven 9', 1, 8.9, 2006),
(366, 3, 6, 4, 'Forza Motorsport 2', 1, 9.1, 2007),
(367, 7, 16, 24, 'Namco Museum Vol.3', 0, NULL, 1997),
(368, 12, 11, 24, 'Tekken Tag Tournament', 1, 8.7, 2000),
(369, 1, 2, 1, 'Golf', 0, NULL, 1985),
(370, 5, 3, 13, 'Diablo II', 1, 8.8, 2000),
(371, 2, 14, 9, 'Disney\'s Aladdin', 0, NULL, 1993),
(372, 7, 11, 10, 'EyeToy Play', 1, 7.5, 2003),
(373, 7, 1, 16, 'Just Dance', 1, 5.4, 2009),
(374, 4, 15, 1, 'Star Fox 64', 1, 9, 1997),
(375, 2, 18, 1, 'Super Mario Maker', 1, 8.8, 2015),
(376, 16, 3, 13, 'World of Warcraft: Wrath of the Lich King', 1, 9.3, 2008),
(377, 5, 8, 21, 'Fallout 3', 1, 8.8, 2008),
(378, 14, 23, 1, 'The Legend of Zelda: Oracle of Ages / Seasons', 0, NULL, 2001),
(379, 5, 3, 21, 'The Elder Scrolls V: Skyrim', 1, 9.2, 2011),
(380, 7, 11, 24, 'Namco Museum: 50th Anniversary', 0, NULL, 2005),
(381, 1, 9, 57, 'NBA 2K16', 1, 8.7, 2015),
(382, 4, 6, 15, 'Left 4 Dead 2', 1, 9, 2009),
(383, 10, 9, 16, 'Far Cry 5', 1, 7.9, 2018),
(384, 4, 9, 15, 'Battlefield 4', 1, 8.3, 2013),
(385, 11, 8, 16, 'Assassin\'s Creed IV: Black Flag', 1, 8.7, 2013),
(386, 1, 1, 14, 'EA Sports Active', 1, 8.3, 2009),
(387, 4, 3, 15, 'Half-Life 2: Episode One', 1, 8.7, 2006),
(388, 2, 4, 1, 'Donkey Kong Land', 0, NULL, 1995),
(389, 7, 5, 1, 'English Training: Have Fun Improving Your Skills!', 0, NULL, 2006),
(390, 5, 2, 51, 'Dragon Quest III', 0, NULL, 1992),
(391, 1, 11, 7, 'Tony Hawk\'s Underground', 1, 8.7, 2003),
(392, 15, 1, 16, 'Just Dance 2014', 1, 7.4, 2013),
(393, 14, 5, 1, 'Professor Layton and the Diabolical Box', 1, 8.5, 2009),
(394, 1, 8, 10, 'Sports Champions', 1, 7.6, 2010),
(395, 3, 8, 10, 'MotorStorm', 1, 8.2, 2007),
(396, 1, 11, 32, 'World Soccer Winning Eleven 8 International', 1, 9.3, 2005),
(397, 7, 16, 24, 'Namco Museum Vol.1', 0, NULL, 1996),
(398, 14, 4, 1, 'The Legend of Zelda: Link\'s Awakening', 0, NULL, 1993),
(399, 10, 9, 29, 'Resident Evil VII: Biohazard', 1, 8.6, 2017),
(400, 5, 20, 29, 'Monster Hunter Freedom Unite', 1, 7.7, 2009),
(401, 3, 9, 17, 'Gran Turismo Sport', 0, NULL, 2017),
(402, 14, 6, 35, 'LEGO Indiana Jones: The Original Adventures', 1, 7.5, 2008),
(403, 9, 3, 15, 'The Sims: Unleashed', 1, 7.3, 2002),
(404, 7, 5, 1, 'Tomodachi Collection', 0, NULL, 2009),
(405, 2, 20, 10, 'Ratchet & Clank: Size Matters', 1, 8.5, 2007),
(406, 10, 16, 15, 'Harry Potter and the Sorcerer\'s Stone', 1, 8, 2001),
(407, 13, 4, 1, 'Pokemon Trading Card Game', 1, 8.3, 2000),
(408, 1, 17, 15, 'FIFA 17', 1, 8.8, 2016),
(409, 2, 16, 10, 'Spyro: Year of the Dragon', 1, 9.1, 2000),
(410, 14, 10, 1, 'The Legend of Zelda: A Link Between Worlds', 1, 9.3, 2013),
(411, 1, 11, 14, 'FIFA Soccer 2005', 1, 8.4, 2004),
(412, 10, 3, 13, 'Diablo III: Reaper of Souls', 0, NULL, 2014),
(413, 14, 1, 1, 'The Legend of Zelda: Skyward Sword', 1, 9.4, 2011),
(414, 1, 11, 7, 'Tony Hawk\'s Pro Skater 4', 1, 9.6, 2002),
(415, 3, 20, 5, 'Midnight Club 3: DUB Edition', 1, 7.2, 2005),
(416, 9, 5, 15, 'MySims', 1, 6.7, 2007),
(417, 2, 15, 1, 'Banjo-Kazooie', 1, 9.3, 1998),
(418, 4, 11, 10, 'SOCOM: U.S. Navy SEALs', 1, 8, 2002),
(419, 4, 8, 15, 'Battlefield 4', 1, 8.7, 2013),
(420, 2, 11, 10, 'Jak and Daxter: The Precursor Legacy', 1, 9, 2001),
(421, 9, 15, 1, 'Pokemon Snap', 1, 7.9, 1999),
(422, 1, 11, 32, 'Pro Evolution Soccer 2008', 1, 8.2, 2008),
(423, 1, 8, 14, 'FIFA Soccer 10', 1, 9, 2009),
(424, 7, 1, 7, 'Guitar Hero: World Tour', 1, 8.4, 2008),
(425, 4, 17, 12, 'Gears of War: Ultimate Edition', 0, NULL, 2015),
(426, 4, 11, 35, 'Star Wars Battlefront', 1, 8.1, 2004),
(427, 4, 3, 31, 'Doom II', 1, 9.3, 1994),
(428, 3, 11, 15, 'The Simpsons: Road Rage', 1, 6.1, 2001),
(429, 2, 3, 58, 'BattleBlock Theater', 0, NULL, 2014),
(430, 10, 9, 16, 'Assassin\'s Creed Syndicate', 1, 8.6, 2015),
(431, 4, 11, 35, 'Star Wars Battlefront II', 1, 8.5, 2005),
(432, 10, 17, 16, 'Assassin\'s Creed: Unity', 0, NULL, 2014),
(433, 9, 5, 26, 'Cooking Mama 2: Dinner With Friends', 1, 6.9, 2007),
(434, 5, 3, 59, 'Undertale', 0, NULL, 2015),
(435, 12, 16, 60, 'WWF SmackDown!', 0, NULL, 2000),
(436, 2, 16, 61, 'Croc: Legend of the Gobbos', 1, 7.6, 1997),
(437, 4, 6, 15, 'Battlefield 4', 1, 8.7, 2013),
(438, 10, 11, 5, 'Grand Theft Auto: Liberty City Stories', 1, 8.3, 2006),
(439, 10, 11, 10, 'The Getaway', 1, 7.7, 2003),
(440, 14, 16, 40, 'Tomb Raider III: Adventures of Lara Croft', 1, 8.2, 1998),
(441, 10, 6, 40, 'Batman: Arkham Asylum', 1, 9.1, 2009),
(442, 10, 6, 16, 'Assassin\'s Creed: Brotherhood', 1, 9.1, 2010),
(443, 4, 11, 15, 'James Bond 007: Agent Under Fire', 0, NULL, 2001),
(444, 10, 11, 40, 'LEGO Star Wars: The Video Game', 1, 7.9, 2005),
(445, 10, 6, 29, 'Resident Evil 5', 1, 8.6, 2009),
(446, 10, 16, 60, 'Rugrats in Paris: The Movie', 0, NULL, 2000),
(447, 1, 9, 57, 'NBA 2K17', 1, 9, 2016),
(448, 1, 6, 14, 'FIFA Soccer 11', 1, 8.7, 2010),
(449, 2, 16, 10, 'Spyro 2: Ripto\'s Rage!', 1, 8.7, 1999),
(450, 4, 6, 19, 'Left 4 Dead', 1, 8.7, 2008),
(451, 2, 7, 1, 'Donkey Kong Country 3: Dixie Kong\'s Double Trouble!', 1, 8.8, 1996),
(452, 5, 6, 4, 'Fable II', 1, 9, 2008),
(453, 10, 2, 1, 'Kung Fu', 0, NULL, 1985),
(454, 10, 16, 29, 'Resident Evil 3: Nemesis', 1, 9.4, 1999),
(455, 16, 3, 13, 'World of Warcraft: The Burning Crusade', 1, 9.2, 2007),
(456, 1, 11, 14, 'FIFA Soccer 2004', 1, 8, 2003),
(457, 5, 5, 1, 'Pokemon Mystery Dungeon: Blue Rescue Team', 1, 6.3, 2006),
(458, 12, 9, 37, 'Mortal Kombat X', 0, NULL, 2015),
(459, 4, 6, 15, 'Battlefield: Bad Company 2', 1, 9, 2010),
(460, 4, 6, 45, 'Borderlands', 1, 8.3, 2009),
(461, 1, 5, 9, 'Mario & Sonic at the Olympic Winter Games', 1, 7.6, 2009),
(462, 10, 3, 37, 'Dying Light', 0, NULL, 2016),
(463, 7, 5, 7, 'Guitar Hero: On Tour', 1, 7.1, 2008),
(464, 12, 11, 18, 'Dragon Ball Z: Budokai', 0, NULL, 2002),
(465, 4, 17, 12, 'Halo: The Master Chief Collection', 0, NULL, 2014),
(466, 14, 6, 36, 'LEGO Batman: The Videogame', 1, 7.5, 2008),
(467, 12, 11, 24, 'Tekken 4', 1, 7.9, 2002),
(468, 1, 9, 14, 'FIFA 14', 0, NULL, 2013),
(469, 2, 8, 10, 'LittleBigPlanet 2', 1, 9.1, 2011),
(470, 10, 16, 5, 'Grand Theft Auto 2', 1, 6.9, 1999),
(471, 4, 17, 7, 'Destiny', 1, 8.3, 2014),
(472, 10, 11, 7, 'Spider-Man 2', 1, 7.9, 2004),
(473, 3, 4, 1, 'F-1 Race', 0, NULL, 1991),
(474, 16, 3, 13, 'World of Warcraft: Battle for Azeroth', 0, NULL, 2018),
(475, 1, 11, 14, 'FIFA Soccer 2003', 0, NULL, 2002),
(476, 7, 16, 10, 'Crash Bash', 1, 6.8, 2000),
(477, 4, 17, 12, 'Gears of War 4', 0, NULL, 2016),
(478, 12, 20, 62, 'Tekken: Dark Resurrection', 1, 8.7, 2006),
(479, 5, 9, 21, 'The Elder Scrolls V: Skyrim Special Edition', 1, 8.3, 2016),
(480, 10, 9, 16, 'Watch Dogs 2', 0, NULL, 2016),
(481, 14, 15, 1, 'The Legend of Zelda: Majora\'s Mask', 1, 9.3, 2000),
(482, 12, 16, 63, 'WWF War Zone', 0, NULL, 1998),
(483, 2, 5, 1, 'Yoshi\'s Island DS', 1, 8.2, 2006),
(484, 11, 6, 16, 'Assassin\'s Creed IV: Black Flag', 1, 8.5, 2013),
(485, 1, 9, 57, 'NBA 2K18', 1, 8.1, 2017),
(486, 7, 1, 1, 'Big Brain Academy: Wii Degree', 1, 7.1, 2007),
(487, 14, 16, 60, 'Rugrats: Search For Reptar', 0, NULL, 1998),
(488, 10, 22, 1, 'Luigi\'s Mansion', 1, 7.9, 2001),
(489, 4, 11, 15, 'James Bond 007: Nightfire', 0, NULL, 2002),
(490, 2, 11, 10, 'Ratchet & Clank', 0, NULL, 2002),
(491, 9, 10, 1, 'Animal Crossing: Happy Home Designer', 1, 6.6, 2015),
(492, 10, 11, 35, 'Star Wars Episode III: Revenge of the Sith', 0, NULL, 2005),
(493, 4, 11, 5, 'Max Payne', 1, 8.1, 2001),
(494, 1, 9, 14, 'Madden NFL 16', 1, 8.2, 2015),
(495, 16, 3, 13, 'World of Warcraft: Legion', 0, NULL, 2016),
(496, 16, 3, 64, 'World of Warcraft: Warlords of Draenor', 0, NULL, 2014),
(497, 5, 3, 65, 'Dark Souls III', 0, NULL, 2016),
(498, 5, 3, 65, 'Dark Souls: Prepare to Die Edition', 0, NULL, 2012),
(499, 10, 11, 15, 'The Lord of the Rings: The Return of the King', 1, 8.4, 2003),
(500, 4, 3, 66, 'Half-Life 2: Episode Two', 1, 9.1, 2007),
(501, 1, 9, 14, 'Madden NFL 17', 1, 8.5, 2016),
(502, 10, 11, 7, 'True Crime: Streets of LA', 0, NULL, 2003),
(503, 3, 20, 10, 'Gran Turismo (PSP)', 0, NULL, 2009),
(504, 4, 8, 16, 'Far Cry 3', 0, NULL, 2012),
(505, 10, 20, 10, 'God of War: Chains of Olympus', 1, 8.9, 2008),
(506, 1, 17, 14, 'FIFA 16', 1, 8.5, 2015),
(507, 12, 16, 24, 'Tekken', 1, 8.3, 1995),
(508, 7, 5, 1, 'Flash Focus: Vision Training in Minutes a Day', 1, 6.1, 2007),
(509, 4, 16, 15, '007: Tomorrow Never Dies', 1, 6.2, 1999),
(510, 14, 8, 5, 'L.A. Noire', 1, 9.1, 2011),
(511, 1, 2, 1, 'Baseball', 0, NULL, 1985),
(512, 5, 2, 51, 'Dragon Quest IV', 0, NULL, 1992),
(513, 5, 7, 51, 'Dragon Quest VI: Maboroshi no Daichi', 0, NULL, 1995),
(514, 12, 7, 1, 'Killer Instinct', 0, NULL, 1995),
(515, 12, 16, 60, 'WWF SmackDown! 2: Know Your Role', 1, 8.7, 2000),
(516, 10, 9, 37, 'Middle-Earth: Shadow of Mordor', 0, NULL, 2014),
(517, 11, 9, 16, 'Assassin\'s Creed IV: Black Flag', 1, 8.3, 2013),
(518, 7, 5, 1, 'Personal Trainer: Cooking', 1, 8.4, 2008),
(519, 10, 11, 18, 'Enter the Matrix', 0, NULL, 2003),
(520, 11, 9, 16, 'Assassin\'s Creed Odyssey', 1, 9.5, 2018),
(521, 5, 8, 21, 'Fallout: New Vegas', 1, 8.2, 2010),
(522, 9, 11, 24, 'Ace Combat 04: Shattered Skies', 1, 8.9, 2001),
(523, 2, 11, 9, 'Sonic Heroes', 1, 6.6, 2004),
(524, 14, 5, 67, 'Club Penguin: Elite Penguin Force', 1, 7, 2008),
(525, 1, 11, 14, 'FIFA Soccer 08', 0, NULL, 2007),
(526, 1, 17, 14, 'FIFA 18', 1, 8, 2017),
(527, 10, 16, 7, 'Spider-Man', 0, NULL, 2000),
(528, 3, 16, 15, 'Need for Speed III: Hot Pursuit', 0, NULL, 1998),
(529, 5, 8, 21, 'The Elder Scrolls IV: Oblivion', 1, 9.3, 2007),
(530, 3, 15, 35, 'Star Wars Episode I Racer', 1, 8.7, 1999),
(531, 12, 8, 62, 'Tekken 6', 1, 7.9, 2009),
(532, 6, 4, 1, 'Yoshi', 0, NULL, 1992),
(533, 10, 8, 29, 'Resident Evil 6', 0, NULL, 2012),
(534, 4, 9, 16, 'Tom Clancy\'s Ghost Recon Wildlands', 1, 7, 2017),
(535, 1, 6, 57, 'NBA 2K13', 1, 8.6, 2012),
(536, 4, 17, 15, 'Titanfall', 0, NULL, 2014),
(537, 8, 1, 1, 'Mario Party 9', 1, 6.5, 2012),
(538, 5, 6, 15, 'Mass Effect 2', 1, 9.5, 2010),
(539, 1, 11, 14, 'Madden NFL 2002', 0, NULL, 2001),
(540, 1, 2, 68, 'World Class Track Meet', 0, NULL, 1987),
(541, 14, 1, 36, 'LEGO Batman: The Videogame', 1, 7.3, 2008),
(542, 10, 6, 60, 'Saints Row 2', 1, 7.9, 2008),
(543, 2, 4, 1, 'Donkey Kong', 0, NULL, 1994),
(544, 9, 3, 15, 'The Sims: Vacation', 0, NULL, 2002),
(545, 4, 17, 7, 'Call of Duty: Ghosts', 1, 7.5, 2013),
(546, 14, 8, 10, 'Heavy Rain', 1, 8.8, 2010),
(547, 14, 5, 36, 'LEGO Batman: The Videogame', 1, 7.8, 2008),
(548, 4, 6, 45, 'Borderlands 2', 0, NULL, 2013),
(549, 2, 6, 7, 'Kung Fu Panda', 1, 7.5, 2008),
(550, 5, 6, 15, 'Mass Effect 3', 0, NULL, 2012),
(551, 10, 18, 1, 'New Super Luigi U', 1, 7.8, 2013),
(552, 15, 5, 1, 'Rhythm Heaven', 1, 8.5, 2009),
(553, 10, 9, 69, 'Metal Gear Solid V: The Phantom Pain', 0, NULL, 2015),
(554, 2, 16, 16, 'Rayman', 1, 7, 1995),
(555, 10, 19, 16, 'Tom Clancy\'s Splinter Cell', 1, 9.3, 2002),
(556, 12, 2, 1, 'Mike Tyson\'s Punch-Out!!', 0, NULL, 1987),
(557, 14, 5, 1, 'Professor Layton and the Unwound Future', 1, 8.4, 2010),
(558, 1, 11, 60, 'WWE SmackDown! Shut Your Mouth', 0, NULL, 2002),
(559, 2, 1, 67, 'Disney Epic Mickey', 1, 7, 2010),
(560, 4, 8, 10, 'Killzone 2', 1, 9.1, 2009),
(561, 4, 3, 15, 'Crysis', 1, 9.2, 2007),
(562, 5, 19, 4, 'Fable', 1, 8.6, 2004),
(563, 4, 6, 12, 'Gears of War 3', 1, 9.1, 2011),
(564, 1, 6, 4, 'Kinect Sports', 1, 7.4, 2010),
(565, 2, 1, 9, 'Sonic and the Secret Rings', 1, 6.7, 2007),
(566, 2, 5, 9, 'Sonic Rush', 1, 7.8, 2005),
(567, 11, 10, 1, 'The Legend of Zelda: Majora\'s Mask 3D', 1, 9, 2015),
(568, 13, 3, 13, 'Warcraft II: Tides of Darkness', 1, 9.3, 1996),
(569, 12, 11, 60, 'WWE SmackDown! vs. Raw 2006', 1, 8.4, 2005),
(570, 2, 5, 1, 'Kirby Super Star Ultra', 1, 7.3, 2008),
(571, 4, 7, 1, 'Star Fox', 0, NULL, 1993),
(572, 7, 3, 15, 'The Sims: Livin Large', 0, NULL, 2000),
(573, 10, 8, 10, 'inFAMOUS', 1, 8.7, 2009),
(574, 1, 11, 32, 'World Soccer Winning Eleven 6 International', 0, NULL, 2003),
(575, 4, 6, 16, 'Far Cry 3', 0, NULL, 2012),
(576, 6, 5, 1, 'Mario vs. Donkey Kong: Mini-Land Mayhem!', 1, 7.8, 2010),
(577, 9, 5, 1, 'Style Savvy', 1, 7.6, 2009),
(578, 2, 3, 6, 'Super Meat Boy', 1, 9.2, 2010),
(579, 5, 3, 15, 'Star Wars: The Old Republic', 1, 8.4, 2011),
(580, 14, 5, 1, 'The Legend of Zelda: Spirit Tracks', 1, 8.7, 2009),
(581, 4, 8, 15, 'Battlefield: Bad Company 2', 1, 8.9, 2010),
(582, 10, 11, 40, 'Hitman 2: Silent Assassin', 0, NULL, 2002),
(583, 5, 10, 1, 'Yokai Watch 2: Psychic Specters', 0, NULL, 2017),
(584, 12, 6, 29, 'Street Fighter IV', 1, 9.3, 2009),
(585, 4, 11, 10, 'SOCOM II: U.S. Navy SEALs', 0, NULL, 2003),
(586, 12, 11, 60, 'WWE SmackDown! vs. RAW 2006', 0, NULL, 2005),
(587, 3, 15, 1, 'Wave Race 64', 1, 9.2, 1996),
(588, 6, 12, 24, 'Pac-Man Collection', 0, NULL, 2001),
(589, 5, 5, 1, 'Pokemon Ranger', 1, 6.6, 2006),
(590, 2, 10, 1, 'Super Mario Maker', 1, 7.3, 2016),
(591, 1, 6, 14, 'Madden NFL 13', 1, 8, 2012),
(592, 4, 9, 21, 'Doom (2016)', 0, NULL, 2016),
(593, 5, 6, 4, 'Mass Effect', 1, 9.2, 2007),
(594, 1, 6, 14, 'FIFA 15', 1, 6.9, 2014),
(595, 12, 11, 18, 'Dragon Ball Z: Budokai 2', 0, NULL, 2003),
(596, 5, 7, 23, 'Final Fantasy III', 1, 9.1, 1994),
(597, 12, 8, 37, 'Mortal Kombat (2011)', 1, 8.5, 2011),
(598, 1, 11, 32, 'World Soccer Winning Eleven 7 International', 1, 9.2, 2004),
(599, 1, 6, 9, 'Sega Superstars Tennis', 1, 6.9, 2008),
(600, 9, 1, 26, 'Cooking Mama: Cook Off', 1, 5.9, 2007),
(601, 1, 11, 10, 'Hot Shots Golf 3', 0, NULL, 2002),
(602, 4, 11, 7, 'Call of Duty: Finest Hour', 0, NULL, 2004),
(603, 4, 16, 70, 'Syphon Filter', 1, 9.2, 1999),
(604, 9, 5, 16, 'Imagine: Babyz', 1, 3.5, 2007),
(605, 11, 9, 45, 'Mafia III', 1, 6.9, 2016),
(606, 14, 3, 71, 'Subnautica', 0, NULL, 2018),
(607, 3, 16, 10, 'Colin McRae Rally', 1, 7.9, 2000),
(608, 8, 13, 1, '1-2-Switch', 1, 5.7, 2017),
(609, 15, 1, 1, 'Wii Music', 1, 5.6, 2008),
(610, 5, 10, 1, 'Yokai Watch', 1, 7.7, 2015),
(611, 5, 19, 21, 'The Elder Scrolls III: Morrowind', 1, 8.2, 2002),
(612, 9, 3, 72, 'Prison Architect', 0, NULL, 2015),
(613, 10, 8, 16, 'Assassin\'s Creed: Brotherhood', 1, 9.1, 2010),
(614, 5, 10, 1, 'Fire Emblem Fates', 0, NULL, 2016),
(615, 13, 3, 73, 'Command & Conquer: Red Alert', 1, 9.3, 1996),
(616, 3, 7, 1, 'F-Zero', 0, NULL, 1991),
(617, 2, 15, 1, 'Yoshi\'s Story', 0, NULL, 1998),
(618, 14, 3, 74, 'The Walking Dead: A Telltale Games Series', 0, NULL, 2012),
(619, 4, 22, 1, 'Metroid Prime', 1, 9.6, 2002),
(620, 1, 1, 26, 'Zumba Fitness 2', 0, NULL, 2011),
(621, 1, 6, 14, 'Madden NFL 10', 1, 8.6, 2009),
(622, 4, 6, 45, 'BioShock', 1, 9.6, 2007),
(623, 2, 12, 1, 'Yoshi\'s Island: Super Mario Advance 3', 0, NULL, 2002),
(624, 12, 11, 60, 'WWE SmackDown! vs. Raw', 0, NULL, 2004),
(625, 2, 12, 60, 'Finding Nemo', 1, 7, 2003),
(626, 4, 8, 15, 'Medal of Honor', 1, 7, 2010),
(627, 5, 9, 13, 'Diablo III: Ultimate Evil Edition', 0, NULL, 2014),
(628, 14, 12, 1, 'The Legend of Zelda: A Link to the Past', 1, 9.6, 2002),
(629, 3, 24, 10, 'Gran Turismo (PSP)', 1, 7.8, 2009),
(630, 3, 8, 15, 'Need for Speed: Hot Pursuit', 1, 8.9, 2010),
(631, 9, 5, 16, 'Imagine: Fashion Designer', 1, 3, 2007),
(632, 4, 8, 10, 'Killzone 3', 1, 8.2, 2011),
(633, 12, 11, 60, 'WWE SmackDown! Here Comes the Pain', 0, NULL, 2003),
(634, 5, 7, 51, 'Dragon Quest V: Tenkuu no Hanayome', 0, NULL, 1992),
(635, 12, 11, 24, 'Tekken 5', 1, 9, 2005),
(636, 1, 16, 10, 'Hot Shots Golf', 0, NULL, 1998),
(637, 2, 3, 75, 'Trine 2', 0, NULL, 2011),
(638, 10, 1, 7, 'Skylanders: Spyro\'s Adventure', 1, 8, 2011),
(639, 2, 16, 10, 'A Bug\'s Life', 1, 3.6, 1998),
(640, 12, 11, 60, 'WWF SmackDown! Just Bring It', 0, NULL, 2001),
(641, 12, 16, 76, 'Mortal Kombat Trilogy', 0, NULL, 1996),
(642, 1, 11, 77, 'NBA Street', 0, NULL, 2001),
(643, 2, 11, 10, 'Jak II', 0, NULL, 2003),
(644, 2, 11, 10, 'Ratchet & Clank: Going Commando', 1, 8.7, 2003),
(645, 9, 11, 15, 'The Sims', 0, NULL, 2003),
(646, 10, 6, 35, 'Star Wars: The Force Unleashed', 1, 7.1, 2008),
(647, 10, 6, 60, 'Saints Row: The Third', 1, 8.3, 2011),
(648, 4, 21, 18, 'Missile Command', 0, NULL, 1981),
(649, 4, 3, 15, 'Battlefield 3', 1, 8.9, 2011),
(650, 10, 3, 78, 'The Binding of Isaac: Rebirth', 0, NULL, 2014),
(651, 10, 16, 29, 'Resident Evil', 1, 8.6, 1996),
(652, 3, 8, 15, 'Need for Speed: Most Wanted (2012)', 0, NULL, 2012),
(653, 6, 5, 1, 'Tetris DS', 1, 8.5, 2006),
(654, 14, 6, 5, 'L.A. Noire', 1, 9.1, 2011),
(655, 14, 2, 1, 'Metroid', 0, NULL, 1987),
(656, 11, 9, 16, 'Far Cry: Primal', 1, 7.2, 2016),
(657, 5, 13, 1, 'Pokemon: Let\'s Go, Eevee!', 1, 8.3, 2018),
(658, 4, 17, 13, 'Overwatch', 1, 8.7, 2016),
(659, 3, 9, 15, 'Need for Speed (2015)', 1, 7, 2015),
(660, 1, 8, 14, 'Madden NFL 13', 1, 8.3, 2012),
(661, 1, 6, 14, 'Skate 3', 1, 8.3, 2010),
(662, 4, 17, 16, 'Tom Clancy\'s Rainbow Six: Siege', 0, NULL, 2015),
(663, 7, 3, 79, 'Divinity: Original Sin', 0, NULL, 2015),
(664, 1, 6, 14, 'Madden NFL 12', 1, 7.8, 2011),
(665, 9, 3, 80, '1602 A.D.', 0, NULL, 2000),
(666, 7, 15, 1, 'Mario Party', 1, 7.6, 1999),
(667, 16, 3, 13, 'World of Warcraft: Mists of Pandaria', 0, NULL, 2012),
(668, 4, 6, 7, 'Call of Duty 3', 1, 8, 2006),
(669, 10, 11, 35, 'LEGO Star Wars II: The Original Trilogy', 1, 8.4, 2006),
(670, 1, 6, 14, 'Madden NFL 11', 1, 8.3, 2010),
(671, 3, 11, 15, 'Burnout 3: Takedown', 1, 9.3, 2004),
(672, 8, 10, 1, 'Mario Party: Island Tour', 1, 5.5, 2013),
(673, 12, 14, 81, 'Mortal Kombat', 0, NULL, 1993),
(674, 13, 6, 4, 'Halo Wars', 1, 8.1, 2009),
(675, 4, 11, 7, 'Call of Duty 2: Big Red One', 1, 8.5, 2005),
(676, 4, 16, 15, 'Medal of Honor', 1, 9.3, 1999),
(677, 7, 6, 7, 'Guitar Hero: World Tour', 1, 8.6, 2008),
(678, 12, 11, 60, 'WWE SmackDown! Shut Your Mouth', 0, NULL, 2002),
(679, 5, 8, 28, 'Final Fantasy XIII-2', 0, NULL, 2012),
(680, 4, 20, 15, 'Medal of Honor Heroes', 1, 6.7, 2006),
(681, 10, 5, 82, 'Hannah Montana', 1, 6.5, 2006),
(682, 3, 8, 15, 'Need for Speed: Shift', 1, 8.2, 2009),
(683, 10, 11, 16, 'Tom Clancy\'s Splinter Cell', 0, NULL, 2003),
(684, 10, 15, 1, 'Star Wars: Shadows of the Empire', 0, NULL, 1996),
(685, 2, 2, 1, 'Super Mario Bros. 2 (FDS)', 0, NULL, 1986),
(686, 4, 6, 15, 'Medal of Honor', 1, 7.3, 2010),
(687, 1, 6, 57, 'NBA 2K12', 1, 9.1, 2011),
(688, 3, 11, 5, 'Midnight Club: Street Racing', 0, NULL, 2000),
(689, 1, 8, 57, 'NBA 2K13', 1, 8.9, 2012),
(690, 1, 9, 57, 'NBA 2K19', 0, NULL, 2018),
(691, 1, 11, 9, 'ESPN NFL 2K5', 0, NULL, 2004),
(692, 1, 9, 14, 'Madden NFL 18', 1, 8.2, 2017),
(693, 1, 6, 14, 'FIFA Soccer 10', 1, 8.9, 2009),
(694, 2, 20, 10, 'LittleBigPlanet', 1, 8.8, 2009),
(695, 14, 11, 15, 'Harry Potter and the Chamber of Secrets', 0, NULL, 2002),
(696, 10, 17, 12, 'Dead Rising 3', 0, NULL, 2013),
(697, 1, 1, 1, 'Mario Strikers Charged', 1, 7.7, 2007),
(698, 5, 10, 29, 'Monster Hunter 3G', 1, 7.6, 2013),
(699, 10, 14, 9, 'Streets of Rage', 0, NULL, 1990),
(700, 14, 6, 5, 'Grand Theft Auto: Episodes from Liberty City', 1, 9, 2009),
(701, 10, 6, 35, 'LEGO Star Wars: The Complete Saga', 0, NULL, 2007),
(702, 13, 13, 16, 'Mario + Rabbids: Kingdom Battle', 1, 8.3, 2017),
(703, 4, 17, 16, 'Tom Clancy\'s The Division', 0, NULL, 2016),
(704, 1, 8, 15, 'FIFA Soccer 09', 1, 8.6, 2008),
(705, 1, 11, 14, 'NBA Live 2005', 0, NULL, 2004),
(706, 10, 3, 83, 'Hotline Miami', 0, NULL, 2012),
(707, 5, 10, 1, 'Mario & Luigi: Dream Team', 1, 8, 2013),
(708, 5, 3, 37, 'Bastion', 1, 8.5, 2011),
(709, 12, 11, 60, 'WWE SmackDown vs. RAW 2007', 1, 8, 2006),
(710, 7, 1, 7, 'Skylanders Giants', 0, NULL, 2012),
(711, 2, 11, 10, 'Ratchet & Clank: Up Your Arsenal', 1, 9.1, 2004),
(712, 1, 11, 14, 'Madden NFL 08', 0, NULL, 2007),
(713, 7, 5, 1, 'Clubhouse Games', 1, 8.3, 2006),
(714, 1, 6, 57, 'NBA 2K14', 0, NULL, 2013),
(715, 2, 8, 10, 'Ratchet & Clank Future: Tools of Destruction', 1, 8.9, 2007),
(716, 1, 16, 10, 'Hot Shots Golf', 0, NULL, 1998),
(717, 5, 6, 15, 'Dragon Age: Origins', 1, 8.5, 2009),
(718, 1, 8, 14, 'FIFA 16', 1, 9, 2015),
(719, 13, 15, 1, 'Pokemon Stadium 2', 1, 7.9, 2001),
(720, 1, 6, 14, 'Madden NFL 09', 1, 8.5, 2008),
(721, 4, 21, 18, 'Space Invaders', 0, NULL, 1978),
(722, 1, 13, 1, 'Mario Tennis Aces', 1, 7.8, 2018),
(723, 3, 11, 63, 'Crazy Taxi', 1, 8.2, 2001),
(724, 4, 15, 84, 'Perfect Dark', 1, 9.7, 2000),
(725, 10, 8, 28, 'Tomb Raider (2013)', 1, 8.9, 2013),
(726, 3, 8, 5, 'Midnight Club: Los Angeles', 1, 8.3, 2008),
(727, 1, 11, 32, 'PES 2009: Pro Evolution Soccer', 0, NULL, 2008),
(728, 5, 6, 7, 'Marvel: Ultimate Alliance', 1, 8.3, 2006),
(729, 5, 20, 28, 'Crisis Core: Final Fantasy VII', 1, 8.1, 2008),
(730, 15, 6, 85, 'Dance Central', 1, 8.4, 2010),
(731, 5, 3, 13, 'Diablo', 1, 8.7, 1996),
(732, 12, 11, 18, 'Dragon Ball Z: Budokai 3', 0, NULL, 2004),
(733, 5, 2, 51, 'Dragon Quest II', 0, NULL, 1990),
(734, 4, 3, 16, 'Far Cry', 1, 8.6, 2004),
(735, 5, 16, 10, 'Final Fantasy Tactics', 1, 8.8, 1998),
(736, 3, 17, 12, 'Forza Horizon 3', 1, 9, 2016),
(737, 13, 3, 13, 'Warcraft III: The Frozen Throne', 1, 9.2, 2003),
(738, 14, 3, 28, 'Rise of the Tomb Raider', 0, NULL, 2016),
(739, 2, 3, 86, 'Dustforce DX', 0, NULL, 2012),
(740, 10, 19, 5, 'Rockstar Games Double Pack: Grand Theft Auto III & Grand Theft Auto Vice City', 1, 9.8, 2003),
(741, 1, 9, 57, 'NBA 2K15', 0, NULL, 2014),
(742, 7, 1, 76, 'Game Party', 1, 2.6, 2007),
(743, 12, 11, 76, 'Mortal Kombat: Deadly Alliance', 1, 8.2, 2002),
(744, 5, 3, 87, 'Dungeon Defenders', 1, 8.3, 2011),
(745, 7, 15, 1, 'Mario Party 2', 0, NULL, 2000),
(746, 10, 8, 60, 'Saints Row: The Third', 1, 8.3, 2011),
(747, 10, 16, 40, 'Tomb Raider: The Last Revelation', 0, NULL, 1999),
(748, 10, 17, 16, 'Assassin\'s Creed Origins', 0, NULL, 2017),
(749, 3, 6, 67, 'Pure', 1, 8.3, 2008),
(750, 7, 6, 85, 'Rock Band', 1, 9.1, 2007),
(751, 7, 25, 30, 'Minecraft', 0, NULL, 2014),
(752, 6, 5, 1, 'WarioWare Touched!', 1, 7.8, 2005),
(753, 4, 8, 10, 'Resistance 2', 1, 8.5, 2008),
(754, 10, 3, 36, 'Batman: Arkham City', 1, 9, 2011),
(755, 1, 17, 14, 'Madden NFL 16', 1, 8.4, 2015),
(756, 7, 22, 1, 'Mario Party 4', 1, 7, 2002),
(757, 10, 9, 36, 'Dying Light', 0, NULL, 2015),
(758, 14, 1, 36, 'LEGO Harry Potter: Years 1-4', 1, 7.9, 2010),
(759, 7, 1, 60, 'uDraw Studio', 0, NULL, 2010),
(760, 1, 17, 14, 'Madden NFL 17', 1, 8.1, 2016),
(761, 3, 16, 10, 'Twisted Metal 2', 1, 8.7, 1996),
(762, 9, 11, 15, 'The Sims: Bustin\' Out', 0, NULL, 2003),
(763, 5, 10, 1, 'Paper Mario: Sticker Star', 0, NULL, 2012),
(764, 3, 20, 15, 'Need for Speed Carbon: Own the City', 1, 7.4, 2006),
(765, 2, 10, 1, 'Donkey Kong Country Returns 3D', 1, 8.6, 2013),
(766, 1, 2, 1, 'Ice Hockey', 0, NULL, 1988),
(767, 2, 13, 1, 'Kirby Star Allies', 1, 8.1, 2018),
(768, 2, 26, 9, 'Sonic Adventure', 1, 8.9, 1999),
(769, 4, 6, 16, 'Tom Clancy\'s Rainbow Six: Vegas 2', 1, 8.2, 2008),
(770, 10, 8, 10, 'God of War Collection', 1, 9.2, 2009),
(771, 11, 6, 12, 'Kinect: Disneyland Adventures', 1, 8.5, 2011),
(772, 1, 8, 32, 'Pro Evolution Soccer 2011', 1, 6, 2010),
(773, 3, 11, 10, 'ATV Offroad Fury', 1, 8.4, 2001),
(774, 5, 22, 1, 'Pokemon Colosseum', 1, 7, 2004),
(775, 1, 17, 57, 'NBA 2K16', 1, 8.3, 2015),
(776, 4, 6, 12, 'Halo: Combat Evolved Anniversary', 1, 8, 2011),
(777, 3, 11, 15, 'Need for Speed: ProStreet', 0, NULL, 2007),
(778, 6, 16, 88, 'Tetris Plus', 0, NULL, 1996),
(779, 3, 17, 12, 'Forza Motorsport 5', 0, NULL, 2013),
(780, 3, 6, 5, 'Midnight Club: Los Angeles', 1, 8, 2008),
(781, 10, 16, 29, 'Dino Crisis', 1, 8.9, 1999),
(782, 5, 7, 23, 'Final Fantasy V', 1, 7.5, 1992),
(783, 5, 20, 29, 'Monster Hunter Freedom 2', 1, 7.6, 2007),
(784, 12, 2, 1, 'Pro Wrestling', 0, NULL, 1987),
(785, 13, 3, 15, 'Theme Hospital', 1, 5.5, 1997),
(786, 10, 8, 10, 'God of War: Ascension', 0, NULL, 2013),
(787, 1, 8, 14, 'Madden NFL 11', 1, 8.4, 2010),
(788, 11, 8, 37, 'Batman: Arkham Origins', 0, NULL, 2013),
(789, 14, 12, 32, 'Frogger\'s Adventures: Temple of the Frog', 1, 6.7, 2001),
(790, 1, 6, 26, 'Zumba Fitness', 0, NULL, 2010),
(791, 1, 1, 9, 'Mario & Sonic at the London 2012 Olympic Games', 1, 6.8, 2011),
(792, 7, 3, 54, 'Monopoly', 0, NULL, 1995),
(793, 12, 14, 63, 'Mortal Kombat II (US & Others sales)', 0, NULL, 1994),
(794, 7, 11, 42, 'Guitar Hero', 1, 8, 2005),
(795, 10, 6, 46, 'Dead Island', 1, 7, 2011),
(796, 12, 15, 60, 'WCW/nWo Revenge', 0, NULL, 1998),
(797, 2, 9, 17, 'Ratchet & Clank (2016)', 0, NULL, 2016),
(798, 7, 11, 32, 'Yu-Gi-Oh! The Duelists of the Roses', 0, NULL, 2003),
(799, 1, 6, 14, 'Madden NFL 08', 1, 8.7, 2007),
(800, 10, 11, 60, 'The Incredibles', 1, 5.9, 2004),
(801, 1, 11, 7, 'Tony Hawk\'s Underground 2', 0, NULL, 2004),
(802, 2, 10, 1, 'Kirby: Triple Deluxe', 1, 7.8, 2014),
(803, 1, 8, 14, 'Madden NFL 10', 1, 8.5, 2009),
(804, 10, 9, 17, 'Uncharted: The Lost Legacy', 0, NULL, 2017),
(805, 7, 8, 9, 'Sonic\'s Ultimate Genesis Collection', 1, 8.1, 2009),
(806, 11, 3, 28, 'Sleeping Dogs', 1, 8.5, 2012),
(807, 2, 4, 1, 'Kirby\'s Dream Land 2', 0, NULL, 1995),
(808, 5, 12, 1, 'Pokemon Mystery Dungeon: Red Rescue Team', 0, NULL, 2006),
(809, 4, 17, 7, 'Destiny 2', 0, NULL, 2017),
(810, 2, 4, 1, 'Donkey Kong Land 2', 0, NULL, 1996),
(811, 5, 4, 40, 'Dragon Quest Monsters', 0, NULL, 1999),
(812, 5, 5, 1, 'Pokemon Ranger: Shadows of Almia', 1, 6.7, 2008),
(813, 6, 1, 1, 'WarioWare: Smooth Moves', 1, 8.2, 2007),
(814, 14, 1, 35, 'LEGO Indiana Jones: The Original Adventures', 1, 7.8, 2008),
(815, 10, 6, 37, 'Lego Marvel Super Heroes', 0, NULL, 2013),
(816, 12, 11, 60, 'WWE SmackDown vs Raw 2008', 0, NULL, 2007),
(817, 5, 9, 15, 'Dragon Age: Inquisition', 0, NULL, 2014),
(818, 1, 6, 12, 'Kinect Sports: Season Two', 1, 6.6, 2011),
(819, 1, 6, 14, 'Madden NFL 25', 1, 7.8, 2013),
(820, 7, 5, 1, 'Art Academy', 1, 6.8, 2010),
(821, 1, 1, 16, 'My Fitness Coach', 1, 7.1, 2008),
(822, 10, 17, 16, 'Assassin\'s Creed IV: Black Flag', 1, 8.3, 2013),
(823, 1, 1, 1, 'Mario Super Sluggers', 1, 6.7, 2008),
(824, 1, 15, 1, 'Mario Tennis', 1, 8.8, 2000),
(825, 10, 16, 49, 'Grand Theft Auto', 1, 6, 1998),
(826, 4, 11, 15, 'James Bond 007: Everything or Nothing', 0, NULL, 2004),
(827, 10, 3, 45, 'Mafia II', 1, 7.6, 2010),
(828, 3, 16, 15, 'Need for Speed: High Stakes', 0, NULL, 1999),
(829, 7, 7, 1, 'Mario Paint', 0, NULL, 1992),
(830, 9, 6, 15, 'The Sims 3', 1, 8, 2010),
(831, 1, 16, 70, 'Cool Boarders 3', 0, NULL, 1998),
(832, 10, 8, 35, 'LEGO Star Wars: The Complete Saga', 1, 8, 2007),
(833, 6, 3, 89, 'Papers, Please', 1, 8.4, 2013),
(834, 5, 7, 23, 'Chrono Trigger', 1, 8.8, 1995),
(835, 5, 5, 28, 'Final Fantasy III', 1, 7.4, 2006),
(836, 10, 11, 29, 'Resident Evil 4', 1, 9.6, 2005),
(837, 9, 3, 90, 'Tabletop Simulator', 0, NULL, 2015),
(838, 14, 5, 36, 'LEGO Harry Potter: Years 1-4', 1, 8, 2010),
(839, 10, 8, 46, 'Dead Island', 1, 6.7, 2011),
(840, 14, 3, 40, 'Tomb Raider II', 1, 8.2, 1997),
(841, 3, 19, 15, 'Need for Speed Underground 2', 0, NULL, 2004),
(842, 1, 8, 32, 'Pro Evolution Soccer 2010', 1, 7, 2009),
(843, 2, 2, 1, 'Mario Bros.', 0, NULL, 1986),
(844, 11, 18, 1, 'The Legend of Zelda: The Wind Waker', 1, 9.3, 2013),
(845, 11, 3, 91, 'Darksiders: Warmastered Edition', 0, NULL, 2016),
(846, 1, 11, 15, 'FIFA Soccer 09', 0, NULL, 2008),
(847, 3, 16, 92, 'TOCA Championship Racing', 0, NULL, 1998),
(848, 4, 11, 35, 'Star Wars Battlefront II (US sales)', 0, NULL, 2005),
(849, 1, 3, 6, 'Golf With Your Friends', 0, NULL, 2005),
(850, 9, 22, 1, 'Animal Crossing', 1, 8.3, 2002),
(851, 2, 12, 1, 'Classic NES Series: Super Mario Bros.', 1, 8.3, 2004),
(852, 2, 5, 1, 'Kirby Squeak Squad', 1, 7.3, 2006),
(853, 1, 8, 14, 'Madden NFL 12', 1, 7.8, 2011),
(854, 4, 8, 45, 'Borderlands 2', 0, NULL, 2012),
(855, 11, 9, 93, 'No Man\'s Sky', 1, 6.8, 2016),
(856, 1, 16, 10, 'Cool Boarders 2', 0, NULL, 1997),
(857, 10, 11, 94, 'Dynasty Warriors 4', 0, NULL, 2003),
(858, 7, 8, 42, 'Guitar Hero III: Legends of Rock', 1, 8.2, 2007),
(859, 7, 1, 16, 'Just Dance Kids', 0, NULL, 2010),
(860, 1, 9, 14, 'Madden NFL 15', 0, NULL, 2014),
(861, 4, 1, 7, 'Call of Duty 3', 1, 6.8, 2006),
(862, 10, 3, 40, 'Batman: Arkham Asylum', 1, 9.3, 2009),
(863, 5, 10, 1, 'Fire Emblem: Awakening', 1, 9, 2013),
(864, 2, 12, 9, 'Sonic Advance', 0, NULL, 2002),
(865, 2, 1, 1, 'Super Mario All-Stars: Limited Edition', 1, 7.2, 2010),
(866, 2, 12, 95, 'Spyro: Season of Ice', 0, NULL, 2001),
(867, 10, 2, 53, 'Teenage Mutant Ninja Turtles II: The Arcade Game', 0, NULL, 1990),
(868, 9, 11, 32, 'Dance Dance Revolution X2', 0, NULL, 2009),
(869, 4, 9, 15, 'Battlefield V', 0, NULL, 2018),
(870, 14, 11, 16, 'Prince of Persia: The Sands of Time', 1, 9, 2003),
(871, 1, 17, 15, 'FIFA 19', 0, NULL, 2018),
(872, 10, 8, 35, 'Star Wars: The Force Unleashed', 1, 6.8, 2008),
(873, 14, 23, 1, 'The Legend of Zelda: Link\'s Awakening DX', 1, 9.4, 1998),
(874, 1, 8, 57, 'NBA 2K14', 0, NULL, 2013),
(875, 5, 3, 96, 'Darkest Dungeon', 0, NULL, 2016),
(876, 1, 9, 14, 'Madden NFL 19', 0, NULL, 2018),
(877, 7, 6, 42, 'Guitar Hero II', 1, 9.2, 2007),
(878, 14, 5, 35, 'LEGO Indiana Jones: The Original Adventures', 0, NULL, 2008),
(879, 3, 6, 15, 'Need for Speed: Hot Pursuit', 1, 8.8, 2010),
(880, 10, 21, 97, 'Frogger', 0, NULL, 1982),
(881, 7, 6, 85, 'Rock Band 2', 1, 9.2, 2008),
(882, 1, 2, 98, 'R.B.I. Baseball', 0, NULL, 1988),
(883, 2, 4, 1, 'Wario Land 3', 0, NULL, 2000),
(884, 2, 12, 1, 'Wario Land 4', 0, NULL, 2001),
(885, 5, 10, 1, 'Yokai Watch Blasters: Red Cat Corps / White Dog Squad', 0, NULL, 2018),
(886, 4, 6, 45, 'BioShock 2', 1, 8.6, 2010),
(887, 6, 5, 67, 'High School Musical: Makin\' the Cut!', 1, 7.3, 2007),
(888, 5, 6, 28, 'Final Fantasy XIII', 1, 8.1, 2010),
(889, 2, 1, 7, 'Skylanders SWAP Force', 0, NULL, 2013),
(890, 1, 17, 14, 'FIFA 15', 1, 7.9, 2014),
(891, 5, 19, 35, 'Star Wars: Knights of the Old Republic', 1, 9.4, 2003),
(892, 2, 23, 1, 'Donkey Kong Country', 1, 9.1, 2000),
(893, 7, 4, 1, 'Kirby\'s Pinball Land', 0, NULL, 1993),
(894, 7, 18, 1, 'Mario Party 10', 1, 6.3, 2015),
(895, 1, 8, 32, 'Pro Evolution Soccer 2012', 1, 7.5, 2011),
(896, 10, 6, 60, 'Saints Row', 1, 8, 2006),
(897, 3, 9, 15, 'Need for Speed: Payback', 1, 5.8, 2017),
(898, 5, 4, 32, 'Yu-Gi-Oh: Duel Monsters 4', 0, NULL, 2000),
(899, 3, 11, 10, 'ATV Offroad Fury 2', 1, 8.7, 2002),
(900, 4, 9, 7, 'Destiny: The Taken King', 0, NULL, 2015),
(901, 2, 9, 7, 'Spyro Reignited Trilogy', 0, NULL, 2018),
(902, 7, 22, 1, 'Mario Party 5', 1, 5.9, 2003),
(903, 9, 15, 35, 'Star Wars: Rogue Squadron', 1, 9, 1998),
(904, 1, 2, 1, 'Tennis', 0, NULL, 1985),
(905, 6, 5, 36, 'Scribblenauts', 1, 8.2, 2009),
(906, 4, 17, 12, 'PlayerUnknown\'s Battlegrounds', 0, NULL, 2017),
(907, 3, 9, 15, 'Need for Speed Rivals', 0, NULL, 2013),
(908, 7, 9, 17, 'PlayStation VR Worlds', 0, NULL, 2016),
(909, 10, 11, 29, 'Devil May Cry', 1, 9.1, 2001),
(910, 9, 3, 99, 'The Sims: House Party', 0, NULL, 2001),
(911, 1, 1, 16, 'Your Shape featuring Jenny McCarthy', 1, 6, 2009),
(912, 4, 16, 70, 'Syphon Filter 2', 0, NULL, 2000),
(913, 4, 9, 15, 'Battlefield: Hardline', 0, NULL, 2015),
(914, 10, 3, 6, 'How to Survive 2', 0, NULL, 2015),
(915, 5, 5, 100, 'Inazuma Eleven 3: Lightning Bolt / Bomb Blast / Team Ogre Attacks!', 0, NULL, 2010),
(916, 5, 12, 1, 'Mario & Luigi: Superstar Saga', 1, 8.8, 2003),
(917, 1, 2, 1, 'Volleyball', 0, NULL, 1987),
(918, 7, 3, 101, 'Banished', 0, NULL, 2014),
(919, 7, 2, 1, 'Mahjong', 0, NULL, 1983),
(920, 1, 1, 9, 'Mario & Sonic at the Olympic Games', 1, 7.2, 2007),
(921, 3, 2, 1, 'R.C. Pro-Am', 0, NULL, 1988),
(922, 9, 3, 99, 'SimCity 2000', 1, 8, 1993),
(923, 5, 7, 1, 'Super Mario RPG: Legend of the Seven Stars', 0, NULL, 1996),
(924, 4, 20, 7, 'Call of Duty: Roads to Victory', 1, 6.1, 2007),
(925, 4, 21, 102, 'Demon Attack', 0, NULL, 1982),
(926, 9, 11, 32, 'Dance Dance Revolution Extreme', 0, NULL, 2004);
INSERT INTO `games` (`id`, `family_id`, `platform_id`, `publisher_id`, `name`, `public`, `note`, `year`) VALUES
(927, 1, 8, 57, 'NBA 2K12', 1, 9, 2011),
(928, 4, 8, 45, 'Borderlands', 1, 8.2, 2009),
(929, 12, 6, 37, 'Mortal Kombat (2011)', 1, 8.6, 2011),
(930, 3, 19, 41, 'Project Gotham Racing', 1, 8.4, 2001),
(931, 1, 4, 1, 'Golf', 0, NULL, 1990),
(932, 1, 6, 57, 'NBA 2K11', 1, 8.8, 2010),
(933, 1, 15, 7, 'Tony Hawk\'s Pro Skater', 1, 9.3, 2000),
(934, 1, 8, 32, 'PES 2009: Pro Evolution Soccer', 1, 7.7, 2008),
(935, 3, 11, 15, 'Need for Speed: Hot Pursuit 2', 1, 8.7, 2002),
(936, 3, 19, 41, 'Project Gotham Racing (JP weekly sales)', 0, NULL, 2002),
(937, 2, 11, 60, 'Scooby-Doo! Night of 100 Frights', 0, NULL, 2002),
(938, 12, 13, 1, 'ARMS', 1, 7.9, 2017),
(939, 4, 9, 10, 'Killzone: Shadow Fall', 1, 9, 2013),
(940, 2, 12, 1, 'Kirby: Nightmare in Dream Land', 1, 8.1, 2002),
(941, 14, 11, 29, 'Onimusha 2: Samurai\'s Destiny', 1, 8.5, 2002),
(942, 4, 17, 15, 'Battlefield 4', 0, NULL, 2013),
(943, 3, 20, 15, 'Need for Speed: Most Wanted 5-1-0', 1, 7.4, 2005),
(944, 1, 16, 103, 'Derby Stallion', 0, NULL, 1997),
(945, 15, 1, 16, 'Just Dance 2015', 0, NULL, 2014),
(946, 5, 9, 65, 'Dark Souls III', 0, NULL, 2016),
(947, 10, 11, 60, 'Finding Nemo', 0, NULL, 2003),
(948, 1, 6, 14, 'Madden NFL 15', 0, NULL, 2014),
(949, 14, 8, 5, 'Grand Theft Auto: Episodes from Liberty City', 1, 9, 2010),
(950, 13, 3, 9, 'Total War: WARHAMMER', 0, NULL, 2016),
(951, 6, 11, 60, 'Tetris Worlds', 0, NULL, 2002),
(952, 13, 3, 15, 'Sim Theme Park', 1, 8.1, 1999),
(953, 7, 1, 85, 'Rock Band', 1, 8.2, 2008),
(954, 4, 6, 11, 'Portal 2', 1, 9.6, 2011),
(955, 2, 13, 1, 'Donkey Kong Country: Tropical Freeze', 1, 9.1, 2018),
(956, 7, 22, 1, 'Mario Party 7', 1, 6, 2005),
(957, 5, 10, 100, 'Yokai Watch 3: Sushi / Tempura / Sukiyaki', 0, NULL, 2016),
(958, 7, 1, 7, 'Wipeout: The Game', 0, NULL, 2010),
(959, 10, 20, 32, 'Metal Gear Solid: Peace Walker', 1, 8.6, 2010),
(960, 4, 16, 104, 'Spec Ops: Airborne Commando', 0, NULL, 2002),
(961, 9, 1, 32, 'Dance Dance Revolution: Hottest Party', 0, NULL, 2007),
(962, 9, 5, 15, 'The Sims 2: Pets', 1, 4.8, 2006),
(963, 14, 9, 28, 'Rise of the Tomb Raider', 0, NULL, 2016),
(964, 12, 6, 60, 'UFC 2009 Undisputed', 1, 8.4, 2009),
(965, 13, 12, 32, 'Yu-Gi-Oh! The Eternal Duelist Soul', 0, NULL, 2002),
(966, 2, 9, 10, 'LittleBigPlanet 3', 0, NULL, 2014),
(967, 14, 5, 1, 'Professor Layton and the Last Specter', 1, 8.4, 2011),
(968, 10, 12, 60, 'The Incredibles', 1, 5.4, 2004),
(969, 4, 6, 7, 'Call of Duty 2', 1, 8.8, 2005),
(970, 10, 8, 28, 'Hitman: Absolution', 0, NULL, 2012),
(971, 10, 5, 67, 'Toy Story 3: The Video Game', 0, NULL, 2010),
(972, 3, 16, 24, 'R4: Ridge Racer Type 4', 1, 9.1, 1999),
(973, 10, 6, 16, 'Tom Clancy\'s Splinter Cell: Conviction', 1, 8.6, 2010),
(974, 3, 8, 15, 'Need for Speed: Undercover', 1, 5.9, 2008),
(975, 3, 6, 15, 'Need for Speed: ProStreet', 1, 7.1, 2007),
(976, 16, 9, 21, 'The Elder Scrolls Online: Tamriel Unlimited', 0, NULL, 2015),
(977, 12, 8, 76, 'Mortal Kombat vs DC Universe', 1, 7.6, 2008),
(978, 1, 14, 81, 'NBA Jam', 0, NULL, 1993),
(979, 1, 2, 24, 'Famista \'89 - Kaimaku Han!!', 0, NULL, 1989),
(980, 5, 8, 62, 'Dark Souls', 1, 9, 2011),
(981, 10, 9, 37, 'Middle-Earth: Shadow of War', 0, NULL, 2017),
(982, 4, 11, 10, 'SOCOM: U.S. Navy SEALs: Combined Assault', 0, NULL, 2006),
(983, 3, 8, 15, 'Need for Speed: ProStreet', 1, 7.2, 2007),
(984, 1, 8, 15, 'Madden NFL 25', 1, 7.5, 2013),
(985, 7, 5, 105, 'Carnival Games', 0, NULL, 2008),
(986, 10, 11, 16, 'Peter Jackson\'s King Kong: The Official Game of the Movie', 0, NULL, 2005),
(987, 12, 19, 106, 'Dead or Alive 3', 1, 8.3, 2001),
(988, 3, 6, 4, 'PGR4 - Project Gotham Racing 4', 1, 8.6, 2007),
(989, 15, 6, 41, 'Dance Central 2', 1, 8.6, 2011),
(990, 5, 9, 28, 'Dragon Quest XI: Echoes of an Elusive Age', 1, 10, 2018),
(991, 1, 17, 57, 'NBA 2K17', 1, 8.8, 2016),
(992, 1, 8, 14, 'Skate 3', 0, NULL, 2010),
(993, 1, 15, 1, '1080: TenEighty Snowboarding', 1, 9.1, 1998),
(994, 1, 5, 1, 'Mario Hoops 3 on 3', 1, 7.1, 2006),
(995, 4, 3, 83, 'Serious Sam 3: BFE', 1, 7, 2011),
(996, 7, 1, 16, 'Rayman Raving Rabbids: TV Party', 1, 7.1, 2008),
(997, 1, 11, 14, 'NBA Live 2004', 0, NULL, 2003),
(998, 9, 8, 15, 'The Sims 3', 1, 8.1, 2010),
(999, 10, 11, 29, 'Onimusha: Warlords', 1, 8.7, 2001),
(1000, 7, 6, 16, 'Just Dance 3', 1, 5.5, 2011);

-- --------------------------------------------------------

--
-- Structure de la table `likes`
--

DROP TABLE IF EXISTS `likes`;
CREATE TABLE `likes` (
  `id` int(11) NOT NULL,
  `post_id` int(11) NOT NULL,
  `user_id` int(11) NOT NULL
) ENGINE=MyISAM DEFAULT CHARSET=utf8;

-- --------------------------------------------------------

--
-- Structure de la table `platforms`
--

DROP TABLE IF EXISTS `platforms`;
CREATE TABLE `platforms` (
  `id` int(11) NOT NULL,
  `name` varchar(10) NOT NULL
) ENGINE=MyISAM DEFAULT CHARSET=utf8;

--
-- Déchargement des données de la table `platforms`
--

INSERT INTO `platforms` (`id`, `name`) VALUES
(1, 'Wii'),
(2, 'NES'),
(3, 'PC'),
(4, 'GB'),
(5, 'DS'),
(6, 'X360'),
(7, 'SNES'),
(8, 'PS3'),
(9, 'PS4'),
(10, '3DS'),
(11, 'PS2'),
(12, 'GBA'),
(13, 'NS'),
(14, 'GEN'),
(15, 'N64'),
(16, 'PS'),
(17, 'XOne'),
(18, 'WiiU'),
(19, 'XB'),
(20, 'PSP'),
(21, '2600'),
(22, 'GC'),
(23, 'GBC'),
(24, 'PSN'),
(25, 'PSV'),
(26, 'DC');

-- --------------------------------------------------------

--
-- Structure de la table `posts`
--

DROP TABLE IF EXISTS `posts`;
CREATE TABLE `posts` (
  `id` int(11) NOT NULL,
  `user_id` int(11) NOT NULL,
  `title` varchar(150) NOT NULL,
  `content` text NOT NULL,
  `created` datetime NOT NULL
) ENGINE=MyISAM DEFAULT CHARSET=utf8;

-- --------------------------------------------------------

--
-- Structure de la table `publishers`
--

DROP TABLE IF EXISTS `publishers`;
CREATE TABLE `publishers` (
  `id` int(11) NOT NULL,
  `name` varchar(100) NOT NULL
) ENGINE=MyISAM DEFAULT CHARSET=utf8;

--
-- Déchargement des données de la table `publishers`
--

INSERT INTO `publishers` (`id`, `name`) VALUES
(1, 'Nintendo'),
(2, 'PUBG Corporation'),
(3, 'Mojang'),
(4, 'Microsoft Game Studios'),
(5, 'Rockstar Games'),
(6, 'Unknown'),
(7, 'Activision'),
(8, 'VU Games'),
(9, 'Sega'),
(10, 'Sony Computer Entertainment'),
(11, 'Valve'),
(12, 'Microsoft Studios'),
(13, 'Blizzard Entertainment'),
(14, 'EA Sports'),
(15, 'Electronic Arts'),
(16, 'Ubisoft'),
(17, 'Sony Interactive Entertainment'),
(18, 'Atari'),
(19, 'Valve Corporation'),
(20, 'Facepunch Studios'),
(21, 'Bethesda Softworks'),
(22, 'Square EA'),
(23, 'Square'),
(24, 'Namco'),
(25, 'Edmund McMillen'),
(26, 'Majesco'),
(27, 'NCSoft'),
(28, 'Square Enix'),
(29, 'Capcom'),
(30, 'Sony Computer Entertainment America'),
(31, 'GT Interactive'),
(32, 'Konami'),
(33, 'Broderbund'),
(34, 'SCS Software'),
(35, 'LucasArts'),
(36, 'Warner Bros. Interactive'),
(37, 'Warner Bros. Interactive Entertainment'),
(38, 'Universal Interactive'),
(39, 'Endnight Games Ltd'),
(40, 'Eidos Interactive'),
(41, 'Microsoft'),
(42, 'RedOctane'),
(43, 'Paradox Interactive'),
(44, 'Chucklefish'),
(45, '2K Games'),
(46, 'Deep Silver'),
(47, 'Studio Wildcard'),
(48, 'Red Orb'),
(49, 'Take-Two Interactive'),
(50, 'Infocom, Inc.'),
(51, 'Enix'),
(52, 'The Fun Pimps'),
(53, 'Ultra Games'),
(54, 'Hasbro Interactive'),
(55, 'Sierra Entertainment'),
(56, 'Global Star Software'),
(57, '2K Sports'),
(58, 'The Behemoth'),
(59, 'Toby Fox'),
(60, 'THQ'),
(61, 'Fox Interactive'),
(62, 'Namco Bandai'),
(63, 'Acclaim Entertainment'),
(64, 'Activision Blizzard'),
(65, 'Namco Bandai Games'),
(66, 'Valve Software'),
(67, 'Disney Interactive Studios'),
(68, 'Bandai'),
(69, 'Konami Digital Entertainment'),
(70, '989 Studios'),
(71, 'Unknown Worlds Entertainment'),
(72, 'Introversion Software'),
(73, 'Virgin Interactive'),
(74, 'Telltale Games'),
(75, 'Frozenbyte'),
(76, 'Midway Games'),
(77, 'EA Sports BIG'),
(78, 'Nicalis'),
(79, 'Focus Home Interactive'),
(80, 'Sunflowers'),
(81, 'Arena Entertainment'),
(82, 'Buena Vista'),
(83, 'Devolver Digital'),
(84, 'Rare'),
(85, 'MTV Games'),
(86, 'Hitbox Team'),
(87, 'Trendy Entertainment'),
(88, 'Jaleco'),
(89, '3909 LLC'),
(90, 'Berserk Games'),
(91, 'THQ Nordic'),
(92, '3DO'),
(93, 'Hello Games'),
(94, 'KOEI'),
(95, 'Vivendi Games'),
(96, 'Red Hook Studios'),
(97, 'Parker Bros.'),
(98, 'Tengen'),
(99, 'Maxis'),
(100, 'Level 5'),
(101, 'Falcom'),
(102, 'Imagic'),
(103, 'ASCII Entertainment'),
(104, 'Gotham Games'),
(105, '2K Play'),
(106, 'Tecmo');

-- --------------------------------------------------------

--
-- Structure de la table `users`
--

DROP TABLE IF EXISTS `users`;
CREATE TABLE `users` (
  `id` int(11) NOT NULL,
  `username` varchar(50) NOT NULL,
  `password` varchar(50) NOT NULL,
  `pseudo` varchar(40) NOT NULL,
  `nb_games` smallint(6) NOT NULL DEFAULT 10,
  `created` datetime NOT NULL
) ENGINE=MyISAM DEFAULT CHARSET=utf8;

--
-- Déchargement des données de la table `users`
--

INSERT INTO `users` (`id`, `username`, `password`, `pseudo`, `nb_games`, `created`) VALUES
(5, 'arthur.weill@gmail.com', 'zrgeheher', 'Arthur', 10, '2021-01-21 00:00:00');

--
-- Index pour les tables déchargées
--

--
-- Index pour la table `comments`
--
ALTER TABLE `comments`
  ADD PRIMARY KEY (`id`);

--
-- Index pour la table `families`
--
ALTER TABLE `families`
  ADD PRIMARY KEY (`id`);

--
-- Index pour la table `games`
--
ALTER TABLE `games`
  ADD PRIMARY KEY (`id`);

--
-- Index pour la table `likes`
--
ALTER TABLE `likes`
  ADD PRIMARY KEY (`id`);

--
-- Index pour la table `platforms`
--
ALTER TABLE `platforms`
  ADD PRIMARY KEY (`id`);

--
-- Index pour la table `posts`
--
ALTER TABLE `posts`
  ADD PRIMARY KEY (`id`);

--
-- Index pour la table `publishers`
--
ALTER TABLE `publishers`
  ADD PRIMARY KEY (`id`);

--
-- Index pour la table `users`
--
ALTER TABLE `users`
  ADD PRIMARY KEY (`id`);

--
-- AUTO_INCREMENT pour les tables déchargées
--

--
-- AUTO_INCREMENT pour la table `comments`
--
ALTER TABLE `comments`
  MODIFY `id` int(11) NOT NULL AUTO_INCREMENT;

--
-- AUTO_INCREMENT pour la table `families`
--
ALTER TABLE `families`
  MODIFY `id` int(11) NOT NULL AUTO_INCREMENT, AUTO_INCREMENT=17;

--
-- AUTO_INCREMENT pour la table `games`
--
ALTER TABLE `games`
  MODIFY `id` int(11) NOT NULL AUTO_INCREMENT, AUTO_INCREMENT=1001;

--
-- AUTO_INCREMENT pour la table `likes`
--
ALTER TABLE `likes`
  MODIFY `id` int(11) NOT NULL AUTO_INCREMENT;

--
-- AUTO_INCREMENT pour la table `platforms`
--
ALTER TABLE `platforms`
  MODIFY `id` int(11) NOT NULL AUTO_INCREMENT, AUTO_INCREMENT=27;

--
-- AUTO_INCREMENT pour la table `posts`
--
ALTER TABLE `posts`
  MODIFY `id` int(11) NOT NULL AUTO_INCREMENT;

--
-- AUTO_INCREMENT pour la table `publishers`
--
ALTER TABLE `publishers`
  MODIFY `id` int(11) NOT NULL AUTO_INCREMENT, AUTO_INCREMENT=107;

--
-- AUTO_INCREMENT pour la table `users`
--
ALTER TABLE `users`
  MODIFY `id` int(11) NOT NULL AUTO_INCREMENT, AUTO_INCREMENT=6;
COMMIT;

/*!40101 SET CHARACTER_SET_CLIENT=@OLD_CHARACTER_SET_CLIENT */;
/*!40101 SET CHARACTER_SET_RESULTS=@OLD_CHARACTER_SET_RESULTS */;
/*!40101 SET COLLATION_CONNECTION=@OLD_COLLATION_CONNECTION */;